img_id,mod,center_test_z,center_test_y,center_test_x
rem_287,real,153.0,256.0,256.0
rem_820,real,151.0,256.0,256.0
rem_287,pix2pix,162.0,256.0,256.0
rem_287,diffusion,149.0,256.0,256.0
rem_820,diffusion,162.0,256.0,256.0
rem_287,cycle,168.0,256.0,256.0
rem_820,cycle,144.0,256.0,256.0
inj_787,real,278.0,256.0,256.0
inj_788,real,62.0,256.0,256.0
inj_787,pix2pix,251.0,256.0,256.0
inj_788,pix2pix,72.0,256.0,256.0
inj_787,diffusion,252.0,256.0,256.0
inj_788,diffusion,79.0,256.0,256.0
inj_787,cycle,255.0,256.0,256.0
inj_788,cycle,62.0,256.0,256.0
rem_288,real,94.0,256.0,256.0
rem_821,real,78.0,256.0,256.0
rem_288,pix2pix,100.0,256.0,256.0
rem_288,cycle,107.0,256.0,256.0
rem_821,cycle,94.0,256.0,256.0
rem_288,diffusion,99.0,256.0,256.0
rem_821,diffusion,95.0,256.0,256.0
inj_801,real,88.0,256.0,256.0
inj_802,real,96.0,256.0,256.0
inj_803,real,42.0,256.0,256.0
inj_804,real,70.0,256.0,256.0
inj_801,pix2pix,102.0,256.0,256.0
inj_802,pix2pix,95.0,256.0,256.0
inj_803,pix2pix,43.0,256.0,256.0
inj_804,pix2pix,56.0,256.0,256.0
inj_801,diffusion,75.0,256.0,256.0
inj_802,diffusion,116.0,256.0,256.0
inj_803,diffusion,31.0,256.0,256.0
inj_804,diffusion,62.0,256.0,256.0
inj_801,cycle,83.0,256.0,256.0
inj_802,cycle,116.0,256.0,256.0
inj_803,cycle,28.0,256.0,256.0
inj_804,cycle,50.0,256.0,256.0
rem_292,real,131.0,256.0,256.0
rem_825,real,139.0,256.0,256.0
rem_292,pix2pix,142.0,256.0,256.0
rem_292,diffusion,154.0,256.0,256.0
rem_825,diffusion,150.0,256.0,256.0
rem_292,cycle,140.0,256.0,256.0
rem_825,cycle,152.0,256.0,256.0
inj_821,real,94.0,256.0,256.0
inj_822,real,114.0,256.0,256.0
inj_823,real,114.0,256.0,256.0
inj_824,real,126.0,256.0,256.0
inj_825,real,204.0,256.0,256.0
inj_821,pix2pix,93.0,256.0,256.0
inj_822,pix2pix,129.0,256.0,256.0
inj_823,pix2pix,132.0,256.0,256.0
inj_824,pix2pix,133.0,256.0,256.0
inj_825,pix2pix,224.0,256.0,256.0
inj_821,diffusion,77.0,256.0,256.0
inj_822,diffusion,117.0,256.0,256.0
inj_823,diffusion,110.0,256.0,256.0
inj_824,diffusion,131.0,256.0,256.0
inj_825,diffusion,210.0,256.0,256.0
inj_821,cycle,70.0,256.0,256.0
inj_822,cycle,115.0,256.0,256.0
inj_823,cycle,127.0,256.0,256.0
inj_824,cycle,126.0,256.0,256.0
inj_825,cycle,204.0,256.0,256.0
rem_293,real,218.0,256.0,256.0
rem_826,real,212.0,256.0,256.0
rem_294,pix2pix,261.0,256.0,256.0
rem_293,diffusion,208.0,256.0,256.0
rem_294,diffusion,274.0,256.0,256.0
rem_826,diffusion,234.0,256.0,256.0
rem_827,diffusion,269.0,256.0,256.0
rem_293,cycle,207.0,256.0,256.0
rem_826,cycle,229.0,256.0,256.0
rem_294,real,272.0,256.0,256.0
rem_827,real,262.0,256.0,256.0
rem_293,pix2pix,225.0,256.0,256.0
rem_294,cycle,284.0,256.0,256.0
rem_827,cycle,282.0,256.0,256.0
inj_849,real,274.0,256.0,256.0
inj_849,pix2pix,270.0,256.0,256.0
inj_849,diffusion,278.0,256.0,256.0
inj_849,cycle,285.0,256.0,256.0
rem_297,real,137.0,256.0,256.0
rem_829,real,124.0,256.0,256.0
rem_830,real,134.0,256.0,256.0
rem_297,pix2pix,133.0,256.0,256.0
rem_296,diffusion,146.0,256.0,256.0
rem_297,diffusion,129.0,256.0,256.0
rem_829,diffusion,125.0,256.0,256.0
rem_830,diffusion,137.0,256.0,256.0
rem_297,cycle,122.0,256.0,256.0
rem_829,cycle,128.0,256.0,256.0
rem_830,cycle,142.0,256.0,256.0
rem_296,real,132.0,256.0,256.0
rem_296,pix2pix,134.0,256.0,256.0
rem_296,cycle,141.0,256.0,256.0
inj_854,real,137.0,256.0,256.0
inj_855,real,37.0,256.0,256.0
inj_856,real,128.0,256.0,256.0
inj_854,pix2pix,142.0,256.0,256.0
inj_855,pix2pix,20.0,256.0,256.0
inj_856,pix2pix,121.0,256.0,256.0
inj_854,diffusion,149.0,256.0,256.0
inj_855,diffusion,45.0,256.0,256.0
inj_856,diffusion,130.0,256.0,256.0
inj_854,cycle,134.0,256.0,256.0
inj_855,cycle,41.0,256.0,256.0
inj_856,cycle,137.0,256.0,256.0
rem_298,real,344.0,256.0,256.0
rem_298,pix2pix,339.0,256.0,256.0
rem_298,diffusion,347.0,256.0,256.0
rem_831,diffusion,351.0,256.0,256.0
rem_298,cycle,347.0,256.0,256.0
rem_831,real,330.0,256.0,256.0
rem_831,cycle,345.0,256.0,256.0
inj_859,real,223.0,256.0,256.0
inj_860,real,66.0,256.0,256.0
inj_861,real,93.0,256.0,256.0
inj_862,real,178.0,256.0,256.0
inj_859,pix2pix,221.0,256.0,256.0
inj_860,pix2pix,61.0,256.0,256.0
inj_861,pix2pix,71.0,256.0,256.0
inj_862,pix2pix,189.0,256.0,256.0
inj_859,diffusion,227.0,256.0,256.0
inj_860,diffusion,76.0,256.0,256.0
inj_861,diffusion,71.0,256.0,256.0
inj_862,diffusion,186.0,256.0,256.0
inj_859,cycle,210.0,256.0,256.0
inj_860,cycle,70.0,256.0,256.0
inj_861,cycle,89.0,256.0,256.0
inj_862,cycle,175.0,256.0,256.0
rem_301,real,25.0,256.0,256.0
rem_834,real,38.0,256.0,256.0
rem_301,pix2pix,15.0,256.0,256.0
rem_834,diffusion,8.0,256.0,256.0
rem_301,cycle,23.0,256.0,256.0
rem_834,cycle,10.0,256.0,256.0
rem_301,diffusion,18.0,256.0,256.0
inj_868,real,52.0,256.0,256.0
inj_869,real,90.0,256.0,256.0
inj_870,real,57.0,256.0,256.0
inj_871,real,65.0,256.0,256.0
inj_872,real,46.0,256.0,256.0
inj_873,real,29.0,256.0,256.0
inj_868,pix2pix,40.0,256.0,256.0
inj_869,pix2pix,69.0,256.0,256.0
inj_870,pix2pix,57.0,256.0,256.0
inj_871,pix2pix,61.0,256.0,256.0
inj_872,pix2pix,67.0,256.0,256.0
inj_873,pix2pix,17.0,256.0,256.0
inj_868,diffusion,48.0,256.0,256.0
inj_869,diffusion,88.0,256.0,256.0
inj_870,diffusion,50.0,256.0,256.0
inj_871,diffusion,51.0,256.0,256.0
inj_872,diffusion,53.0,256.0,256.0
inj_873,diffusion,18.0,256.0,256.0
inj_868,cycle,40.0,256.0,256.0
inj_869,cycle,96.0,256.0,256.0
inj_870,cycle,52.0,256.0,256.0
inj_871,cycle,40.0,256.0,256.0
inj_872,cycle,70.0,256.0,256.0
inj_873,cycle,16.0,256.0,256.0
rem_302,real,123.0,256.0,256.0
rem_303,real,95.0,256.0,256.0
rem_304,real,124.0,256.0,256.0
rem_835,real,124.0,256.0,256.0
rem_836,real,102.0,256.0,256.0
rem_302,pix2pix,128.0,256.0,256.0
rem_303,pix2pix,120.0,256.0,256.0
rem_304,pix2pix,137.0,256.0,256.0
rem_302,diffusion,140.0,256.0,256.0
rem_304,diffusion,154.0,256.0,256.0
rem_835,diffusion,133.0,256.0,256.0
rem_836,diffusion,109.0,256.0,256.0
rem_837,diffusion,141.0,256.0,256.0
rem_302,cycle,137.0,256.0,256.0
rem_303,cycle,124.0,256.0,256.0
rem_304,cycle,128.0,256.0,256.0
rem_835,cycle,153.0,256.0,256.0
rem_836,cycle,94.0,256.0,256.0
rem_837,real,141.0,256.0,256.0
rem_303,diffusion,111.0,256.0,256.0
rem_837,cycle,149.0,256.0,256.0
inj_875,real,102.0,256.0,256.0
inj_876,real,110.0,256.0,256.0
inj_877,real,127.0,256.0,256.0
inj_875,pix2pix,95.0,256.0,256.0
inj_876,pix2pix,114.0,256.0,256.0
inj_877,pix2pix,107.0,256.0,256.0
inj_875,diffusion,92.0,256.0,256.0
inj_876,diffusion,120.0,256.0,256.0
inj_877,diffusion,113.0,256.0,256.0
inj_875,cycle,104.0,256.0,256.0
inj_876,cycle,125.0,256.0,256.0
inj_877,cycle,103.0,256.0,256.0
rem_305,real,161.0,256.0,256.0
rem_838,real,150.0,256.0,256.0
rem_305,pix2pix,151.0,256.0,256.0
rem_305,diffusion,154.0,256.0,256.0
rem_838,diffusion,144.0,256.0,256.0
rem_305,cycle,150.0,256.0,256.0
rem_838,cycle,140.0,256.0,256.0
inj_890,real,133.0,256.0,256.0
inj_891,real,129.0,256.0,256.0
inj_892,real,186.0,256.0,256.0
inj_893,real,143.0,256.0,256.0
inj_894,real,145.0,256.0,256.0
inj_895,real,173.0,256.0,256.0
inj_890,pix2pix,129.0,256.0,256.0
inj_891,pix2pix,132.0,256.0,256.0
inj_892,pix2pix,179.0,256.0,256.0
inj_893,pix2pix,148.0,256.0,256.0
inj_894,pix2pix,152.0,256.0,256.0
inj_895,pix2pix,160.0,256.0,256.0
inj_890,diffusion,130.0,256.0,256.0
inj_891,diffusion,126.0,256.0,256.0
inj_892,diffusion,187.0,256.0,256.0
inj_893,diffusion,156.0,256.0,256.0
inj_894,diffusion,157.0,256.0,256.0
inj_895,diffusion,173.0,256.0,256.0
inj_890,cycle,136.0,256.0,256.0
inj_891,cycle,120.0,256.0,256.0
inj_892,cycle,187.0,256.0,256.0
inj_893,cycle,147.0,256.0,256.0
inj_894,cycle,137.0,256.0,256.0
inj_895,cycle,158.0,256.0,256.0
rem_306,real,54.0,256.0,256.0
rem_307,real,59.0,256.0,256.0
rem_839,real,76.0,256.0,256.0
rem_840,real,59.0,256.0,256.0
rem_306,cycle,65.0,256.0,256.0
rem_307,cycle,73.0,256.0,256.0
rem_839,cycle,76.0,256.0,256.0
rem_840,cycle,72.0,256.0,256.0
inj_897,real,72.0,256.0,256.0
inj_898,real,56.0,256.0,256.0
inj_897,cycle,64.0,256.0,256.0
inj_898,cycle,76.0,256.0,256.0
rem_309,real,75.0,256.0,256.0
rem_311,real,40.0,256.0,256.0
rem_842,real,51.0,256.0,256.0
rem_844,real,44.0,256.0,256.0
rem_309,pix2pix,55.0,256.0,256.0
rem_310,pix2pix,110.0,256.0,256.0
rem_309,diffusion,68.0,256.0,256.0
rem_310,diffusion,93.0,256.0,256.0
rem_311,diffusion,57.0,256.0,256.0
rem_842,diffusion,50.0,256.0,256.0
rem_843,diffusion,89.0,256.0,256.0
rem_844,diffusion,44.0,256.0,256.0
rem_309,cycle,62.0,256.0,256.0
rem_311,cycle,49.0,256.0,256.0
rem_842,cycle,65.0,256.0,256.0
rem_844,cycle,47.0,256.0,256.0
rem_310,real,84.0,256.0,256.0
rem_843,real,87.0,256.0,256.0
rem_311,pix2pix,57.0,256.0,256.0
rem_310,cycle,110.0,256.0,256.0
rem_843,cycle,94.0,256.0,256.0
inj_916,real,87.0,256.0,256.0
inj_917,real,51.0,256.0,256.0
inj_918,real,36.0,256.0,256.0
inj_916,pix2pix,93.0,256.0,256.0
inj_917,pix2pix,63.0,256.0,256.0
inj_918,pix2pix,58.0,256.0,256.0
inj_916,diffusion,102.0,256.0,256.0
inj_917,diffusion,60.0,256.0,256.0
inj_918,diffusion,54.0,256.0,256.0
inj_916,cycle,103.0,256.0,256.0
inj_917,cycle,59.0,256.0,256.0
inj_918,cycle,40.0,256.0,256.0
rem_313,real,203.0,256.0,256.0
rem_846,real,217.0,256.0,256.0
rem_313,pix2pix,234.0,256.0,256.0
rem_313,diffusion,219.0,256.0,256.0
rem_846,diffusion,216.0,256.0,256.0
rem_313,cycle,211.0,256.0,256.0
rem_846,cycle,210.0,256.0,256.0
inj_920,real,444.0,256.0,256.0
inj_921,real,381.0,256.0,256.0
inj_922,real,225.0,256.0,256.0
inj_923,real,126.0,256.0,256.0
inj_924,real,218.0,256.0,256.0
inj_925,real,417.0,256.0,256.0
inj_926,real,229.0,256.0,256.0
inj_927,real,292.0,256.0,256.0
inj_928,real,387.0,256.0,256.0
inj_920,pix2pix,431.0,256.0,256.0
inj_921,pix2pix,365.0,256.0,256.0
inj_922,pix2pix,237.0,256.0,256.0
inj_923,pix2pix,95.0,256.0,256.0
inj_924,pix2pix,218.0,256.0,256.0
inj_925,pix2pix,418.0,256.0,256.0
inj_926,pix2pix,231.0,256.0,256.0
inj_927,pix2pix,270.0,256.0,256.0
inj_928,pix2pix,398.0,256.0,256.0
inj_920,diffusion,456.0,256.0,256.0
inj_921,diffusion,368.0,256.0,256.0
inj_922,diffusion,232.0,256.0,256.0
inj_923,diffusion,116.0,256.0,256.0
inj_924,diffusion,213.0,256.0,256.0
inj_925,diffusion,427.0,256.0,256.0
inj_926,diffusion,239.0,256.0,256.0
inj_927,diffusion,285.0,256.0,256.0
inj_928,diffusion,387.0,256.0,256.0
inj_920,cycle,437.0,256.0,256.0
inj_921,cycle,371.0,256.0,256.0
inj_922,cycle,257.0,256.0,256.0
inj_923,cycle,102.0,256.0,256.0
inj_924,cycle,206.0,256.0,256.0
inj_925,cycle,421.0,256.0,256.0
inj_926,cycle,215.0,256.0,256.0
inj_927,cycle,290.0,256.0,256.0
inj_928,cycle,402.0,256.0,256.0
rem_316,real,94.0,256.0,256.0
rem_849,real,94.0,256.0,256.0
rem_316,pix2pix,85.0,256.0,256.0
rem_849,diffusion,89.0,256.0,256.0
rem_316,cycle,83.0,256.0,256.0
rem_849,cycle,81.0,256.0,256.0
rem_316,diffusion,91.0,256.0,256.0
inj_956,real,18.0,256.0,256.0
inj_956,pix2pix,25.0,256.0,256.0
inj_956,diffusion,23.0,256.0,256.0
inj_956,cycle,26.0,256.0,256.0
rem_321,real,180.0,256.0,256.0
rem_854,real,155.0,256.0,256.0
rem_321,pix2pix,170.0,256.0,256.0
rem_321,diffusion,170.0,256.0,256.0
rem_854,diffusion,182.0,256.0,256.0
rem_321,cycle,173.0,256.0,256.0
rem_854,cycle,155.0,256.0,256.0
inj_957,real,123.0,256.0,256.0
inj_957,pix2pix,148.0,256.0,256.0
inj_957,diffusion,128.0,256.0,256.0
inj_957,cycle,121.0,256.0,256.0
rem_323,real,213.0,256.0,256.0
rem_324,real,164.0,256.0,256.0
rem_325,real,205.0,256.0,256.0
rem_326,real,195.0,256.0,256.0
rem_327,real,173.0,256.0,256.0
rem_856,real,226.0,256.0,256.0
rem_857,real,152.0,256.0,256.0
rem_858,real,208.0,256.0,256.0
rem_860,real,157.0,256.0,256.0
rem_323,pix2pix,227.0,256.0,256.0
rem_324,pix2pix,160.0,256.0,256.0
rem_326,pix2pix,183.0,256.0,256.0
rem_327,pix2pix,142.0,256.0,256.0
rem_324,diffusion,184.0,256.0,256.0
rem_325,diffusion,219.0,256.0,256.0
rem_326,diffusion,189.0,256.0,256.0
rem_327,diffusion,163.0,256.0,256.0
rem_856,diffusion,209.0,256.0,256.0
rem_857,diffusion,168.0,256.0,256.0
rem_858,diffusion,202.0,256.0,256.0
rem_859,diffusion,173.0,256.0,256.0
rem_860,diffusion,163.0,256.0,256.0
rem_323,cycle,209.0,256.0,256.0
rem_324,cycle,185.0,256.0,256.0
rem_325,cycle,208.0,256.0,256.0
rem_326,cycle,187.0,256.0,256.0
rem_327,cycle,174.0,256.0,256.0
rem_856,cycle,239.0,256.0,256.0
rem_857,cycle,164.0,256.0,256.0
rem_858,cycle,229.0,256.0,256.0
rem_860,cycle,149.0,256.0,256.0
rem_859,real,171.0,256.0,256.0
rem_325,pix2pix,222.0,256.0,256.0
rem_323,diffusion,211.0,256.0,256.0
rem_859,cycle,164.0,256.0,256.0
inj_962,real,222.0,256.0,256.0
inj_963,real,111.0,256.0,256.0
inj_964,real,90.0,256.0,256.0
inj_965,real,120.0,256.0,256.0
inj_966,real,159.0,256.0,256.0
inj_962,pix2pix,226.0,256.0,256.0
inj_963,pix2pix,108.0,256.0,256.0
inj_964,pix2pix,85.0,256.0,256.0
inj_965,pix2pix,118.0,256.0,256.0
inj_966,pix2pix,129.0,256.0,256.0
inj_962,diffusion,224.0,256.0,256.0
inj_963,diffusion,132.0,256.0,256.0
inj_964,diffusion,90.0,256.0,256.0
inj_965,diffusion,116.0,256.0,256.0
inj_966,diffusion,131.0,256.0,256.0
inj_962,cycle,213.0,256.0,256.0
inj_963,cycle,139.0,256.0,256.0
inj_964,cycle,91.0,256.0,256.0
inj_965,cycle,97.0,256.0,256.0
inj_966,cycle,144.0,256.0,256.0
rem_329,real,84.0,256.0,256.0
rem_330,real,36.0,256.0,256.0
rem_862,real,61.0,256.0,256.0
rem_863,real,17.0,256.0,256.0
rem_329,cycle,80.0,256.0,256.0
rem_330,cycle,30.0,256.0,256.0
rem_862,cycle,64.0,256.0,256.0
rem_863,cycle,43.0,256.0,256.0
inj_971,real,34.0,256.0,256.0
inj_971,cycle,45.0,256.0,256.0
rem_332,real,120.0,256.0,256.0
rem_333,real,115.0,256.0,256.0
rem_865,real,119.0,256.0,256.0
rem_866,real,122.0,256.0,256.0
rem_332,pix2pix,96.0,256.0,256.0
rem_333,pix2pix,120.0,256.0,256.0
rem_332,diffusion,122.0,256.0,256.0
rem_333,diffusion,105.0,256.0,256.0
rem_865,diffusion,99.0,256.0,256.0
rem_866,diffusion,118.0,256.0,256.0
rem_332,cycle,124.0,256.0,256.0
rem_333,cycle,126.0,256.0,256.0
rem_865,cycle,100.0,256.0,256.0
rem_866,cycle,98.0,256.0,256.0
inj_976,real,29.0,256.0,256.0
inj_977,real,74.0,256.0,256.0
inj_978,real,41.0,256.0,256.0
inj_976,pix2pix,33.0,256.0,256.0
inj_977,pix2pix,51.0,256.0,256.0
inj_978,pix2pix,56.0,256.0,256.0
inj_976,diffusion,22.0,256.0,256.0
inj_977,diffusion,71.0,256.0,256.0
inj_978,diffusion,50.0,256.0,256.0
inj_976,cycle,25.0,256.0,256.0
inj_977,cycle,68.0,256.0,256.0
inj_978,cycle,36.0,256.0,256.0
rem_334,real,109.0,256.0,256.0
rem_867,real,104.0,256.0,256.0
rem_334,diffusion,84.0,256.0,256.0
rem_867,diffusion,89.0,256.0,256.0
rem_334,cycle,87.0,256.0,256.0
rem_867,cycle,115.0,256.0,256.0
rem_334,pix2pix,111.0,256.0,256.0
inj_985,real,49.0,256.0,256.0
inj_986,real,263.0,256.0,256.0
inj_987,real,217.0,256.0,256.0
inj_985,pix2pix,27.0,256.0,256.0
inj_986,pix2pix,256.0,256.0,256.0
inj_987,pix2pix,208.0,256.0,256.0
inj_985,diffusion,41.0,256.0,256.0
inj_986,diffusion,258.0,256.0,256.0
inj_987,diffusion,219.0,256.0,256.0
inj_985,cycle,49.0,256.0,256.0
inj_986,cycle,240.0,256.0,256.0
inj_987,cycle,198.0,256.0,256.0
rem_335,real,24.0,256.0,256.0
rem_336,real,49.0,256.0,256.0
rem_337,real,55.0,256.0,256.0
rem_868,real,18.0,256.0,256.0
rem_869,real,33.0,256.0,256.0
rem_335,cycle,39.0,256.0,256.0
rem_336,cycle,59.0,256.0,256.0
rem_337,cycle,58.0,256.0,256.0
rem_868,cycle,40.0,256.0,256.0
rem_869,cycle,30.0,256.0,256.0
rem_870,real,51.0,256.0,256.0
rem_870,cycle,48.0,256.0,256.0
inj_988,real,46.0,256.0,256.0
inj_989,real,31.0,256.0,256.0
inj_988,cycle,25.0,256.0,256.0
inj_989,cycle,23.0,256.0,256.0
rem_339,real,482.0,256.0,256.0
rem_872,real,477.0,256.0,256.0
rem_339,pix2pix,471.0,256.0,256.0
rem_872,diffusion,491.0,256.0,256.0
rem_339,cycle,470.0,256.0,256.0
rem_872,cycle,497.0,256.0,256.0
rem_339,diffusion,492.0,256.0,256.0
inj_990,real,287.0,256.0,256.0
inj_991,real,421.0,256.0,256.0
inj_992,real,332.0,256.0,256.0
inj_990,pix2pix,277.0,256.0,256.0
inj_991,pix2pix,452.0,256.0,256.0
inj_992,pix2pix,344.0,256.0,256.0
inj_990,diffusion,275.0,256.0,256.0
inj_991,diffusion,440.0,256.0,256.0
inj_992,diffusion,331.0,256.0,256.0
inj_990,cycle,261.0,256.0,256.0
inj_991,cycle,451.0,256.0,256.0
inj_992,cycle,343.0,256.0,256.0
rem_35,real,38.0,256.0,256.0
rem_37,real,37.0,256.0,256.0
rem_38,real,85.0,256.0,256.0
rem_39,real,97.0,256.0,256.0
rem_40,real,54.0,256.0,256.0
rem_568,real,41.0,256.0,256.0
rem_569,real,71.0,256.0,256.0
rem_570,real,58.0,256.0,256.0
rem_571,real,79.0,256.0,256.0
rem_573,real,61.0,256.0,256.0
inj_2061,real,99.0,256.0,256.0
inj_2062,real,74.0,256.0,256.0
inj_2063,real,62.0,256.0,256.0
inj_2064,real,50.0,256.0,256.0
inj_2065,real,54.0,256.0,256.0
rem_35,pix2pix,33.0,256.0,256.0
rem_36,pix2pix,73.0,256.0,256.0
rem_37,pix2pix,51.0,256.0,256.0
rem_38,pix2pix,85.0,256.0,256.0
rem_39,pix2pix,91.0,256.0,256.0
rem_40,pix2pix,75.0,256.0,256.0
rem_568,pix2pix,41.0,256.0,256.0
rem_569,pix2pix,64.0,256.0,256.0
rem_571,pix2pix,87.0,256.0,256.0
rem_572,pix2pix,93.0,256.0,256.0
rem_573,pix2pix,58.0,256.0,256.0
inj_2061,pix2pix,80.0,256.0,256.0
inj_2062,pix2pix,78.0,256.0,256.0
inj_2065,pix2pix,42.0,256.0,256.0
rem_35,diffusion,42.0,256.0,256.0
rem_36,diffusion,70.0,256.0,256.0
rem_37,diffusion,35.0,256.0,256.0
rem_38,diffusion,98.0,256.0,256.0
rem_569,diffusion,62.0,256.0,256.0
rem_570,diffusion,47.0,256.0,256.0
rem_571,diffusion,84.0,256.0,256.0
rem_572,diffusion,91.0,256.0,256.0
inj_2061,diffusion,91.0,256.0,256.0
inj_2062,diffusion,63.0,256.0,256.0
inj_2065,diffusion,48.0,256.0,256.0
rem_35,cycle,34.0,256.0,256.0
rem_37,cycle,36.0,256.0,256.0
rem_38,cycle,76.0,256.0,256.0
rem_39,cycle,87.0,256.0,256.0
rem_40,cycle,69.0,256.0,256.0
rem_568,cycle,57.0,256.0,256.0
rem_569,cycle,69.0,256.0,256.0
rem_570,cycle,65.0,256.0,256.0
rem_571,cycle,78.0,256.0,256.0
rem_573,cycle,62.0,256.0,256.0
inj_2061,cycle,86.0,256.0,256.0
inj_2062,cycle,66.0,256.0,256.0
inj_2063,cycle,86.0,256.0,256.0
inj_2064,cycle,73.0,256.0,256.0
inj_2065,cycle,43.0,256.0,256.0
rem_36,real,48.0,256.0,256.0
rem_572,real,86.0,256.0,256.0
rem_570,pix2pix,67.0,256.0,256.0
inj_2063,pix2pix,83.0,256.0,256.0
inj_2064,pix2pix,55.0,256.0,256.0
rem_39,diffusion,93.0,256.0,256.0
rem_40,diffusion,54.0,256.0,256.0
rem_568,diffusion,45.0,256.0,256.0
rem_573,diffusion,68.0,256.0,256.0
inj_2063,diffusion,85.0,256.0,256.0
inj_2064,diffusion,77.0,256.0,256.0
rem_36,cycle,79.0,256.0,256.0
rem_572,cycle,90.0,256.0,256.0
inj_86,real,90.0,256.0,256.0
inj_87,real,62.0,256.0,256.0
inj_88,real,70.0,256.0,256.0
inj_89,real,51.0,256.0,256.0
inj_90,real,60.0,256.0,256.0
inj_86,pix2pix,103.0,256.0,256.0
inj_87,pix2pix,79.0,256.0,256.0
inj_88,pix2pix,87.0,256.0,256.0
inj_89,pix2pix,73.0,256.0,256.0
inj_90,pix2pix,55.0,256.0,256.0
inj_86,diffusion,89.0,256.0,256.0
inj_87,diffusion,80.0,256.0,256.0
inj_88,diffusion,59.0,256.0,256.0
inj_89,diffusion,74.0,256.0,256.0
inj_90,diffusion,56.0,256.0,256.0
inj_86,cycle,93.0,256.0,256.0
inj_87,cycle,81.0,256.0,256.0
inj_88,cycle,81.0,256.0,256.0
inj_89,cycle,73.0,256.0,256.0
inj_90,cycle,53.0,256.0,256.0
rem_370,real,71.0,256.0,256.0
rem_370,cycle,71.0,256.0,256.0
rem_903,real,78.0,256.0,256.0
rem_903,cycle,78.0,256.0,256.0
rem_372,real,90.0,256.0,256.0
inj_1211,real,122.0,256.0,256.0
inj_1212,real,109.0,256.0,256.0
inj_1213,real,76.0,256.0,256.0
inj_1214,real,125.0,256.0,256.0
inj_1215,real,61.0,256.0,256.0
inj_1216,real,80.0,256.0,256.0
inj_1217,real,114.0,256.0,256.0
rem_372,pix2pix,116.0,256.0,256.0
inj_1211,pix2pix,106.0,256.0,256.0
inj_1212,pix2pix,104.0,256.0,256.0
inj_1214,pix2pix,116.0,256.0,256.0
inj_1216,pix2pix,77.0,256.0,256.0
rem_372,diffusion,112.0,256.0,256.0
inj_1211,diffusion,127.0,256.0,256.0
inj_1212,diffusion,83.0,256.0,256.0
inj_1214,diffusion,121.0,256.0,256.0
inj_1216,diffusion,94.0,256.0,256.0
rem_372,cycle,106.0,256.0,256.0
inj_1211,cycle,122.0,256.0,256.0
inj_1212,cycle,92.0,256.0,256.0
inj_1213,cycle,73.0,256.0,256.0
inj_1214,cycle,99.0,256.0,256.0
inj_1215,cycle,77.0,256.0,256.0
inj_1216,cycle,89.0,256.0,256.0
inj_1217,cycle,108.0,256.0,256.0
inj_1213,pix2pix,64.0,256.0,256.0
inj_1215,pix2pix,79.0,256.0,256.0
inj_1217,pix2pix,121.0,256.0,256.0
inj_1213,diffusion,62.0,256.0,256.0
inj_1215,diffusion,58.0,256.0,256.0
inj_1217,diffusion,106.0,256.0,256.0
rem_905,real,113.0,256.0,256.0
rem_905,diffusion,111.0,256.0,256.0
rem_905,cycle,100.0,256.0,256.0
rem_373,real,65.0,256.0,256.0
inj_1219,real,54.0,256.0,256.0
inj_1220,real,59.0,256.0,256.0
inj_1221,real,67.0,256.0,256.0
rem_373,cycle,80.0,256.0,256.0
inj_1219,cycle,41.0,256.0,256.0
inj_1220,cycle,64.0,256.0,256.0
inj_1221,cycle,45.0,256.0,256.0
inj_1218,real,24.0,256.0,256.0
inj_1218,cycle,16.0,256.0,256.0
rem_906,real,63.0,256.0,256.0
rem_906,cycle,57.0,256.0,256.0
rem_374,real,249.0,256.0,256.0
inj_1229,real,283.0,256.0,256.0
inj_1230,real,302.0,256.0,256.0
inj_1229,pix2pix,286.0,256.0,256.0
inj_1230,pix2pix,302.0,256.0,256.0
rem_374,diffusion,247.0,256.0,256.0
inj_1229,diffusion,271.0,256.0,256.0
inj_1230,diffusion,301.0,256.0,256.0
rem_374,cycle,255.0,256.0,256.0
inj_1229,cycle,285.0,256.0,256.0
inj_1230,cycle,297.0,256.0,256.0
rem_374,pix2pix,271.0,256.0,256.0
rem_907,real,250.0,256.0,256.0
rem_907,diffusion,264.0,256.0,256.0
rem_907,cycle,252.0,256.0,256.0
rem_375,real,93.0,256.0,256.0
rem_376,real,447.0,256.0,256.0
inj_1243,real,96.0,256.0,256.0
inj_1244,real,349.0,256.0,256.0
rem_375,pix2pix,74.0,256.0,256.0
rem_376,pix2pix,471.0,256.0,256.0
inj_1243,pix2pix,76.0,256.0,256.0
rem_375,diffusion,98.0,256.0,256.0
inj_1243,diffusion,93.0,256.0,256.0
rem_375,cycle,80.0,256.0,256.0
rem_376,cycle,459.0,256.0,256.0
inj_1243,cycle,69.0,256.0,256.0
inj_1244,cycle,338.0,256.0,256.0
inj_1244,pix2pix,321.0,256.0,256.0
rem_376,diffusion,460.0,256.0,256.0
inj_1244,diffusion,345.0,256.0,256.0
rem_908,real,79.0,256.0,256.0
rem_909,real,452.0,256.0,256.0
rem_908,diffusion,82.0,256.0,256.0
rem_909,diffusion,458.0,256.0,256.0
rem_908,cycle,97.0,256.0,256.0
rem_909,cycle,466.0,256.0,256.0
rem_377,real,248.0,256.0,256.0
inj_1248,real,275.0,256.0,256.0
inj_1251,real,348.0,256.0,256.0
rem_377,pix2pix,269.0,256.0,256.0
inj_1246,pix2pix,57.0,256.0,256.0
inj_1248,pix2pix,273.0,256.0,256.0
inj_1249,pix2pix,431.0,256.0,256.0
inj_1250,pix2pix,271.0,256.0,256.0
inj_1252,pix2pix,51.0,256.0,256.0
rem_377,diffusion,248.0,256.0,256.0
inj_1246,diffusion,42.0,256.0,256.0
inj_1248,diffusion,246.0,256.0,256.0
inj_1249,diffusion,415.0,256.0,256.0
inj_1250,diffusion,279.0,256.0,256.0
inj_1252,diffusion,66.0,256.0,256.0
rem_377,cycle,256.0,256.0,256.0
inj_1248,cycle,254.0,256.0,256.0
inj_1251,cycle,341.0,256.0,256.0
inj_1246,real,60.0,256.0,256.0
inj_1249,real,410.0,256.0,256.0
inj_1250,real,268.0,256.0,256.0
inj_1252,real,79.0,256.0,256.0
inj_1251,pix2pix,345.0,256.0,256.0
inj_1251,diffusion,333.0,256.0,256.0
inj_1246,cycle,61.0,256.0,256.0
inj_1249,cycle,423.0,256.0,256.0
inj_1250,cycle,277.0,256.0,256.0
inj_1252,cycle,68.0,256.0,256.0
rem_910,real,251.0,256.0,256.0
rem_910,diffusion,262.0,256.0,256.0
rem_910,cycle,260.0,256.0,256.0
rem_379,real,125.0,256.0,256.0
rem_380,real,100.0,256.0,256.0
inj_1257,real,84.0,256.0,256.0
inj_1258,real,81.0,256.0,256.0
rem_378,pix2pix,68.0,256.0,256.0
rem_379,pix2pix,110.0,256.0,256.0
rem_380,pix2pix,102.0,256.0,256.0
inj_1257,pix2pix,79.0,256.0,256.0
inj_1258,pix2pix,62.0,256.0,256.0
rem_378,diffusion,86.0,256.0,256.0
rem_380,diffusion,100.0,256.0,256.0
inj_1257,diffusion,78.0,256.0,256.0
inj_1258,diffusion,64.0,256.0,256.0
rem_379,cycle,122.0,256.0,256.0
rem_380,cycle,103.0,256.0,256.0
inj_1257,cycle,88.0,256.0,256.0
inj_1258,cycle,86.0,256.0,256.0
rem_378,real,88.0,256.0,256.0
rem_379,diffusion,115.0,256.0,256.0
rem_378,cycle,72.0,256.0,256.0
rem_911,real,76.0,256.0,256.0
rem_912,real,124.0,256.0,256.0
rem_913,real,83.0,256.0,256.0
rem_911,diffusion,66.0,256.0,256.0
rem_912,diffusion,114.0,256.0,256.0
rem_913,diffusion,75.0,256.0,256.0
rem_911,cycle,69.0,256.0,256.0
rem_912,cycle,137.0,256.0,256.0
rem_913,cycle,75.0,256.0,256.0
rem_382,real,70.0,256.0,256.0
rem_383,real,43.0,256.0,256.0
inj_1281,real,39.0,256.0,256.0
inj_1282,real,62.0,256.0,256.0
inj_1284,real,35.0,256.0,256.0
inj_1285,real,98.0,256.0,256.0
rem_382,pix2pix,59.0,256.0,256.0
rem_383,pix2pix,57.0,256.0,256.0
inj_1281,pix2pix,34.0,256.0,256.0
inj_1283,pix2pix,133.0,256.0,256.0
inj_1285,pix2pix,86.0,256.0,256.0
rem_383,diffusion,60.0,256.0,256.0
inj_1281,diffusion,42.0,256.0,256.0
inj_1283,diffusion,123.0,256.0,256.0
inj_1285,diffusion,94.0,256.0,256.0
rem_382,cycle,43.0,256.0,256.0
rem_383,cycle,62.0,256.0,256.0
inj_1281,cycle,46.0,256.0,256.0
inj_1282,cycle,63.0,256.0,256.0
inj_1284,cycle,37.0,256.0,256.0
inj_1285,cycle,93.0,256.0,256.0
inj_1283,real,149.0,256.0,256.0
inj_1282,pix2pix,53.0,256.0,256.0
inj_1284,pix2pix,57.0,256.0,256.0
rem_382,diffusion,54.0,256.0,256.0
inj_1282,diffusion,56.0,256.0,256.0
inj_1284,diffusion,38.0,256.0,256.0
inj_1283,cycle,146.0,256.0,256.0
rem_915,real,51.0,256.0,256.0
rem_916,real,54.0,256.0,256.0
rem_915,diffusion,51.0,256.0,256.0
rem_916,diffusion,63.0,256.0,256.0
rem_915,cycle,43.0,256.0,256.0
rem_916,cycle,59.0,256.0,256.0
rem_384,real,67.0,256.0,256.0
rem_384,pix2pix,66.0,256.0,256.0
rem_384,diffusion,59.0,256.0,256.0
rem_384,cycle,57.0,256.0,256.0
rem_917,real,59.0,256.0,256.0
rem_917,diffusion,44.0,256.0,256.0
rem_917,cycle,66.0,256.0,256.0
rem_389,real,78.0,256.0,256.0
rem_390,real,17.0,256.0,256.0
rem_391,real,45.0,256.0,256.0
inj_1304,real,18.0,256.0,256.0
inj_1305,real,158.0,256.0,256.0
inj_1306,real,28.0,256.0,256.0
inj_1307,real,171.0,256.0,256.0
inj_1308,real,31.0,256.0,256.0
inj_1309,real,91.0,256.0,256.0
inj_1311,real,55.0,256.0,256.0
inj_1312,real,47.0,256.0,256.0
inj_1313,real,128.0,256.0,256.0
inj_1314,real,88.0,256.0,256.0
inj_1315,real,50.0,256.0,256.0
inj_1316,real,43.0,256.0,256.0
inj_1317,real,82.0,256.0,256.0
inj_1318,real,101.0,256.0,256.0
inj_1319,real,96.0,256.0,256.0
inj_1320,real,34.0,256.0,256.0
inj_1321,real,126.0,256.0,256.0
rem_389,pix2pix,89.0,256.0,256.0
rem_390,pix2pix,10.0,256.0,256.0
rem_391,pix2pix,53.0,256.0,256.0
inj_1304,pix2pix,13.0,256.0,256.0
inj_1306,pix2pix,28.0,256.0,256.0
inj_1307,pix2pix,148.0,256.0,256.0
inj_1308,pix2pix,22.0,256.0,256.0
inj_1309,pix2pix,73.0,256.0,256.0
inj_1310,pix2pix,111.0,256.0,256.0
inj_1311,pix2pix,55.0,256.0,256.0
inj_1312,pix2pix,56.0,256.0,256.0
inj_1313,pix2pix,124.0,256.0,256.0
inj_1314,pix2pix,96.0,256.0,256.0
inj_1316,pix2pix,50.0,256.0,256.0
inj_1317,pix2pix,97.0,256.0,256.0
inj_1318,pix2pix,88.0,256.0,256.0
inj_1319,pix2pix,96.0,256.0,256.0
inj_1320,pix2pix,40.0,256.0,256.0
inj_1321,pix2pix,111.0,256.0,256.0
rem_389,diffusion,102.0,256.0,256.0
rem_390,diffusion,15.0,256.0,256.0
rem_391,diffusion,62.0,256.0,256.0
inj_1304,diffusion,28.0,256.0,256.0
inj_1306,diffusion,47.0,256.0,256.0
inj_1307,diffusion,176.0,256.0,256.0
inj_1308,diffusion,37.0,256.0,256.0
inj_1309,diffusion,89.0,256.0,256.0
inj_1310,diffusion,120.0,256.0,256.0
inj_1311,diffusion,61.0,256.0,256.0
inj_1312,diffusion,50.0,256.0,256.0
inj_1313,diffusion,137.0,256.0,256.0
inj_1314,diffusion,100.0,256.0,256.0
inj_1316,diffusion,45.0,256.0,256.0
inj_1317,diffusion,87.0,256.0,256.0
inj_1318,diffusion,87.0,256.0,256.0
inj_1319,diffusion,115.0,256.0,256.0
inj_1320,diffusion,43.0,256.0,256.0
inj_1321,diffusion,106.0,256.0,256.0
rem_389,cycle,93.0,256.0,256.0
rem_390,cycle,34.0,256.0,256.0
rem_391,cycle,67.0,256.0,256.0
inj_1304,cycle,17.0,256.0,256.0
inj_1305,cycle,137.0,256.0,256.0
inj_1306,cycle,37.0,256.0,256.0
inj_1307,cycle,148.0,256.0,256.0
inj_1308,cycle,30.0,256.0,256.0
inj_1309,cycle,80.0,256.0,256.0
inj_1311,cycle,42.0,256.0,256.0
inj_1312,cycle,56.0,256.0,256.0
inj_1313,cycle,134.0,256.0,256.0
inj_1314,cycle,101.0,256.0,256.0
inj_1315,cycle,58.0,256.0,256.0
inj_1316,cycle,33.0,256.0,256.0
inj_1317,cycle,82.0,256.0,256.0
inj_1318,cycle,101.0,256.0,256.0
inj_1319,cycle,100.0,256.0,256.0
inj_1320,cycle,50.0,256.0,256.0
inj_1321,cycle,124.0,256.0,256.0
inj_1310,real,120.0,256.0,256.0
inj_1305,pix2pix,166.0,256.0,256.0
inj_1315,pix2pix,49.0,256.0,256.0
inj_1305,diffusion,148.0,256.0,256.0
inj_1315,diffusion,61.0,256.0,256.0
inj_1310,cycle,115.0,256.0,256.0
rem_922,real,84.0,256.0,256.0
rem_923,real,25.0,256.0,256.0
rem_924,real,63.0,256.0,256.0
rem_922,diffusion,87.0,256.0,256.0
rem_923,diffusion,32.0,256.0,256.0
rem_924,diffusion,59.0,256.0,256.0
rem_922,cycle,80.0,256.0,256.0
rem_923,cycle,21.0,256.0,256.0
rem_924,cycle,57.0,256.0,256.0
rem_392,real,274.0,256.0,256.0
rem_393,real,274.0,256.0,256.0
inj_1330,real,291.0,256.0,256.0
rem_392,pix2pix,247.0,256.0,256.0
inj_1330,pix2pix,296.0,256.0,256.0
rem_392,diffusion,267.0,256.0,256.0
rem_393,diffusion,286.0,256.0,256.0
inj_1330,diffusion,297.0,256.0,256.0
rem_392,cycle,253.0,256.0,256.0
rem_393,cycle,281.0,256.0,256.0
inj_1330,cycle,286.0,256.0,256.0
rem_393,pix2pix,279.0,256.0,256.0
rem_925,real,275.0,256.0,256.0
rem_926,real,267.0,256.0,256.0
rem_925,diffusion,254.0,256.0,256.0
rem_926,diffusion,265.0,256.0,256.0
rem_925,cycle,256.0,256.0,256.0
rem_926,cycle,277.0,256.0,256.0
rem_394,real,129.0,256.0,256.0
rem_394,diffusion,141.0,256.0,256.0
rem_394,cycle,134.0,256.0,256.0
rem_395,real,138.0,256.0,256.0
rem_394,pix2pix,142.0,256.0,256.0
rem_395,pix2pix,144.0,256.0,256.0
rem_395,diffusion,155.0,256.0,256.0
rem_395,cycle,130.0,256.0,256.0
rem_927,real,133.0,256.0,256.0
rem_928,real,143.0,256.0,256.0
rem_927,diffusion,133.0,256.0,256.0
rem_928,diffusion,136.0,256.0,256.0
rem_927,cycle,127.0,256.0,256.0
rem_928,cycle,131.0,256.0,256.0
rem_397,real,248.0,256.0,256.0
inj_1344,real,82.0,256.0,256.0
inj_1345,real,191.0,256.0,256.0
inj_1347,real,64.0,256.0,256.0
rem_397,pix2pix,232.0,256.0,256.0
inj_1344,pix2pix,101.0,256.0,256.0
inj_1346,pix2pix,39.0,256.0,256.0
inj_1348,pix2pix,294.0,256.0,256.0
inj_1349,pix2pix,46.0,256.0,256.0
rem_397,diffusion,258.0,256.0,256.0
inj_1344,diffusion,85.0,256.0,256.0
inj_1346,diffusion,36.0,256.0,256.0
inj_1348,diffusion,276.0,256.0,256.0
inj_1349,diffusion,50.0,256.0,256.0
rem_397,cycle,245.0,256.0,256.0
inj_1344,cycle,89.0,256.0,256.0
inj_1345,cycle,196.0,256.0,256.0
inj_1347,cycle,71.0,256.0,256.0
inj_1346,real,33.0,256.0,256.0
inj_1348,real,308.0,256.0,256.0
inj_1349,real,51.0,256.0,256.0
inj_1345,pix2pix,166.0,256.0,256.0
inj_1347,pix2pix,73.0,256.0,256.0
inj_1345,diffusion,171.0,256.0,256.0
inj_1347,diffusion,86.0,256.0,256.0
inj_1346,cycle,40.0,256.0,256.0
inj_1348,cycle,295.0,256.0,256.0
inj_1349,cycle,55.0,256.0,256.0
rem_930,real,242.0,256.0,256.0
rem_930,diffusion,249.0,256.0,256.0
rem_930,cycle,232.0,256.0,256.0
rem_400,real,47.0,256.0,256.0
inj_1356,real,40.0,256.0,256.0
inj_1358,real,40.0,256.0,256.0
inj_1359,real,44.0,256.0,256.0
inj_1360,real,76.0,256.0,256.0
rem_400,cycle,31.0,256.0,256.0
inj_1356,cycle,23.0,256.0,256.0
inj_1358,cycle,62.0,256.0,256.0
inj_1359,cycle,26.0,256.0,256.0
inj_1360,cycle,78.0,256.0,256.0
inj_1357,real,20.0,256.0,256.0
inj_1361,real,56.0,256.0,256.0
inj_1357,cycle,20.0,256.0,256.0
inj_1361,cycle,82.0,256.0,256.0
rem_933,real,22.0,256.0,256.0
rem_933,cycle,43.0,256.0,256.0
rem_401,real,37.0,256.0,256.0
inj_1363,real,11.0,256.0,256.0
inj_1364,real,24.0,256.0,256.0
inj_1365,real,2.0,256.0,256.0
inj_1366,real,54.0,256.0,256.0
rem_401,cycle,35.0,256.0,256.0
inj_1363,cycle,26.0,256.0,256.0
inj_1364,cycle,0.0,256.0,256.0
inj_1365,cycle,-1.0,256.0,256.0
inj_1366,cycle,55.0,256.0,256.0
rem_934,real,13.0,256.0,256.0
rem_934,cycle,41.0,256.0,256.0
rem_402,real,59.0,256.0,256.0
inj_1369,real,45.0,256.0,256.0
inj_1370,real,81.0,256.0,256.0
inj_1371,real,62.0,256.0,256.0
inj_1372,real,83.0,256.0,256.0
inj_1373,real,79.0,256.0,256.0
rem_402,cycle,59.0,256.0,256.0
inj_1369,cycle,66.0,256.0,256.0
inj_1370,cycle,66.0,256.0,256.0
inj_1371,cycle,54.0,256.0,256.0
inj_1372,cycle,61.0,256.0,256.0
inj_1373,cycle,85.0,256.0,256.0
rem_935,real,71.0,256.0,256.0
rem_935,cycle,55.0,256.0,256.0
rem_403,real,94.0,256.0,256.0
rem_403,pix2pix,96.0,256.0,256.0
rem_403,diffusion,100.0,256.0,256.0
rem_403,cycle,110.0,256.0,256.0
rem_936,real,92.0,256.0,256.0
rem_936,diffusion,92.0,256.0,256.0
rem_936,cycle,102.0,256.0,256.0
rem_405,real,31.0,256.0,256.0
rem_405,cycle,24.0,256.0,256.0
rem_938,real,34.0,256.0,256.0
rem_938,cycle,17.0,256.0,256.0
rem_406,real,132.0,256.0,256.0
inj_1377,real,154.0,256.0,256.0
inj_1378,real,139.0,256.0,256.0
rem_406,pix2pix,132.0,256.0,256.0
inj_1377,pix2pix,155.0,256.0,256.0
rem_406,diffusion,136.0,256.0,256.0
inj_1377,diffusion,151.0,256.0,256.0
rem_406,cycle,155.0,256.0,256.0
inj_1377,cycle,143.0,256.0,256.0
inj_1378,cycle,147.0,256.0,256.0
inj_1378,pix2pix,131.0,256.0,256.0
inj_1378,diffusion,130.0,256.0,256.0
rem_939,real,140.0,256.0,256.0
rem_939,diffusion,157.0,256.0,256.0
rem_939,cycle,159.0,256.0,256.0
rem_407,real,378.0,256.0,256.0
inj_1383,real,299.0,256.0,256.0
rem_407,pix2pix,378.0,256.0,256.0
inj_1383,pix2pix,312.0,256.0,256.0
inj_1384,pix2pix,282.0,256.0,256.0
inj_1383,diffusion,302.0,256.0,256.0
inj_1384,diffusion,283.0,256.0,256.0
rem_407,cycle,381.0,256.0,256.0
inj_1383,cycle,326.0,256.0,256.0
inj_1384,real,288.0,256.0,256.0
rem_407,diffusion,367.0,256.0,256.0
inj_1384,cycle,271.0,256.0,256.0
rem_940,real,383.0,256.0,256.0
rem_940,diffusion,366.0,256.0,256.0
rem_940,cycle,374.0,256.0,256.0
rem_409,real,324.0,256.0,256.0
rem_409,pix2pix,331.0,256.0,256.0
rem_409,cycle,331.0,256.0,256.0
rem_409,diffusion,317.0,256.0,256.0
rem_942,real,314.0,256.0,256.0
rem_942,diffusion,332.0,256.0,256.0
rem_942,cycle,337.0,256.0,256.0
rem_410,real,123.0,256.0,256.0
rem_411,real,102.0,256.0,256.0
inj_1414,real,93.0,256.0,256.0
inj_1415,real,95.0,256.0,256.0
inj_1417,real,88.0,256.0,256.0
inj_1418,real,87.0,256.0,256.0
rem_410,pix2pix,97.0,256.0,256.0
inj_1415,pix2pix,123.0,256.0,256.0
inj_1416,pix2pix,112.0,256.0,256.0
inj_1418,pix2pix,95.0,256.0,256.0
rem_410,diffusion,125.0,256.0,256.0
rem_411,diffusion,96.0,256.0,256.0
inj_1415,diffusion,122.0,256.0,256.0
inj_1416,diffusion,114.0,256.0,256.0
inj_1418,diffusion,85.0,256.0,256.0
rem_410,cycle,118.0,256.0,256.0
rem_411,cycle,103.0,256.0,256.0
inj_1414,cycle,93.0,256.0,256.0
inj_1415,cycle,102.0,256.0,256.0
inj_1417,cycle,99.0,256.0,256.0
inj_1418,cycle,78.0,256.0,256.0
inj_1416,real,131.0,256.0,256.0
rem_411,pix2pix,87.0,256.0,256.0
inj_1414,pix2pix,113.0,256.0,256.0
inj_1417,pix2pix,112.0,256.0,256.0
inj_1414,diffusion,105.0,256.0,256.0
inj_1417,diffusion,110.0,256.0,256.0
inj_1416,cycle,134.0,256.0,256.0
rem_943,real,99.0,256.0,256.0
rem_944,real,82.0,256.0,256.0
rem_943,diffusion,116.0,256.0,256.0
rem_944,diffusion,107.0,256.0,256.0
rem_943,cycle,124.0,256.0,256.0
rem_944,cycle,94.0,256.0,256.0
rem_414,real,63.0,256.0,256.0
inj_1446,real,69.0,256.0,256.0
inj_1447,real,24.0,256.0,256.0
inj_1448,real,58.0,256.0,256.0
rem_414,cycle,60.0,256.0,256.0
inj_1446,cycle,44.0,256.0,256.0
inj_1447,cycle,20.0,256.0,256.0
inj_1448,cycle,76.0,256.0,256.0
rem_413,real,61.0,256.0,256.0
rem_415,real,32.0,256.0,256.0
rem_413,cycle,78.0,256.0,256.0
rem_415,cycle,41.0,256.0,256.0
rem_946,real,66.0,256.0,256.0
rem_947,real,49.0,256.0,256.0
rem_948,real,48.0,256.0,256.0
rem_946,cycle,80.0,256.0,256.0
rem_947,cycle,49.0,256.0,256.0
rem_948,cycle,50.0,256.0,256.0
rem_417,real,72.0,256.0,256.0
inj_1456,real,117.0,256.0,256.0
inj_1456,pix2pix,133.0,256.0,256.0
rem_417,diffusion,59.0,256.0,256.0
inj_1456,diffusion,117.0,256.0,256.0
rem_417,cycle,60.0,256.0,256.0
inj_1456,cycle,122.0,256.0,256.0
rem_417,pix2pix,74.0,256.0,256.0
rem_950,real,73.0,256.0,256.0
rem_950,diffusion,61.0,256.0,256.0
rem_950,cycle,58.0,256.0,256.0
rem_418,real,59.0,256.0,256.0
inj_1457,real,64.0,256.0,256.0
rem_418,pix2pix,77.0,256.0,256.0
inj_1457,pix2pix,60.0,256.0,256.0
rem_418,diffusion,57.0,256.0,256.0
inj_1457,diffusion,65.0,256.0,256.0
rem_418,cycle,66.0,256.0,256.0
inj_1457,cycle,43.0,256.0,256.0
rem_951,real,55.0,256.0,256.0
rem_951,diffusion,60.0,256.0,256.0
rem_951,cycle,48.0,256.0,256.0
rem_419,real,176.0,256.0,256.0
rem_419,pix2pix,164.0,256.0,256.0
rem_419,diffusion,170.0,256.0,256.0
rem_419,cycle,166.0,256.0,256.0
rem_952,real,185.0,256.0,256.0
rem_952,diffusion,185.0,256.0,256.0
rem_952,cycle,194.0,256.0,256.0
rem_42,real,127.0,256.0,256.0
rem_43,real,95.0,256.0,256.0
rem_575,real,124.0,256.0,256.0
inj_2073,real,123.0,256.0,256.0
rem_42,pix2pix,123.0,256.0,256.0
rem_43,pix2pix,111.0,256.0,256.0
rem_575,pix2pix,140.0,256.0,256.0
rem_576,pix2pix,95.0,256.0,256.0
inj_2073,pix2pix,136.0,256.0,256.0
rem_575,diffusion,133.0,256.0,256.0
rem_576,diffusion,94.0,256.0,256.0
inj_2073,diffusion,119.0,256.0,256.0
rem_42,cycle,133.0,256.0,256.0
rem_43,cycle,97.0,256.0,256.0
rem_575,cycle,146.0,256.0,256.0
inj_2073,cycle,138.0,256.0,256.0
rem_576,real,117.0,256.0,256.0
rem_42,diffusion,144.0,256.0,256.0
rem_43,diffusion,117.0,256.0,256.0
rem_576,cycle,93.0,256.0,256.0
inj_98,real,130.0,256.0,256.0
inj_98,pix2pix,116.0,256.0,256.0
inj_98,diffusion,122.0,256.0,256.0
inj_98,cycle,145.0,256.0,256.0
rem_420,real,85.0,256.0,256.0
inj_1465,real,105.0,256.0,256.0
inj_1466,real,20.0,256.0,256.0
inj_1468,real,76.0,256.0,256.0
rem_420,pix2pix,73.0,256.0,256.0
inj_1466,pix2pix,27.0,256.0,256.0
inj_1467,pix2pix,50.0,256.0,256.0
inj_1468,pix2pix,77.0,256.0,256.0
rem_420,diffusion,77.0,256.0,256.0
inj_1466,diffusion,17.0,256.0,256.0
inj_1467,diffusion,42.0,256.0,256.0
inj_1468,diffusion,70.0,256.0,256.0
rem_420,cycle,93.0,256.0,256.0
inj_1465,cycle,80.0,256.0,256.0
inj_1466,cycle,24.0,256.0,256.0
inj_1468,cycle,85.0,256.0,256.0
inj_1467,real,61.0,256.0,256.0
inj_1465,pix2pix,104.0,256.0,256.0
inj_1465,diffusion,82.0,256.0,256.0
inj_1467,cycle,62.0,256.0,256.0
rem_953,real,72.0,256.0,256.0
rem_953,diffusion,91.0,256.0,256.0
rem_953,cycle,100.0,256.0,256.0
rem_423,real,165.0,256.0,256.0
rem_423,pix2pix,172.0,256.0,256.0
rem_423,diffusion,189.0,256.0,256.0
rem_423,cycle,176.0,256.0,256.0
rem_956,real,190.0,256.0,256.0
rem_956,diffusion,176.0,256.0,256.0
rem_956,cycle,184.0,256.0,256.0
rem_424,real,134.0,256.0,256.0
inj_1487,real,126.0,256.0,256.0
rem_424,pix2pix,132.0,256.0,256.0
inj_1487,pix2pix,149.0,256.0,256.0
rem_424,diffusion,133.0,256.0,256.0
inj_1487,diffusion,126.0,256.0,256.0
rem_424,cycle,146.0,256.0,256.0
inj_1487,cycle,141.0,256.0,256.0
rem_957,real,160.0,256.0,256.0
rem_957,diffusion,148.0,256.0,256.0
rem_957,cycle,140.0,256.0,256.0
rem_426,real,234.0,256.0,256.0
rem_427,real,106.0,256.0,256.0
inj_1490,real,134.0,256.0,256.0
inj_1492,real,134.0,256.0,256.0
inj_1493,real,150.0,256.0,256.0
inj_1494,real,140.0,256.0,256.0
inj_1495,real,159.0,256.0,256.0
inj_1496,real,120.0,256.0,256.0
inj_1497,real,121.0,256.0,256.0
rem_425,pix2pix,82.0,256.0,256.0
rem_427,pix2pix,91.0,256.0,256.0
inj_1489,pix2pix,214.0,256.0,256.0
inj_1491,pix2pix,173.0,256.0,256.0
inj_1492,pix2pix,133.0,256.0,256.0
inj_1493,pix2pix,127.0,256.0,256.0
inj_1494,pix2pix,145.0,256.0,256.0
inj_1495,pix2pix,172.0,256.0,256.0
inj_1496,pix2pix,128.0,256.0,256.0
inj_1497,pix2pix,124.0,256.0,256.0
rem_426,diffusion,242.0,256.0,256.0
rem_427,diffusion,81.0,256.0,256.0
inj_1489,diffusion,236.0,256.0,256.0
inj_1491,diffusion,179.0,256.0,256.0
inj_1492,diffusion,125.0,256.0,256.0
inj_1493,diffusion,127.0,256.0,256.0
inj_1494,diffusion,145.0,256.0,256.0
inj_1495,diffusion,161.0,256.0,256.0
inj_1496,diffusion,129.0,256.0,256.0
inj_1497,diffusion,101.0,256.0,256.0
rem_426,cycle,250.0,256.0,256.0
rem_427,cycle,107.0,256.0,256.0
inj_1490,cycle,139.0,256.0,256.0
inj_1492,cycle,142.0,256.0,256.0
inj_1493,cycle,144.0,256.0,256.0
inj_1494,cycle,118.0,256.0,256.0
inj_1495,cycle,158.0,256.0,256.0
inj_1496,cycle,114.0,256.0,256.0
inj_1497,cycle,122.0,256.0,256.0
rem_425,real,81.0,256.0,256.0
inj_1489,real,226.0,256.0,256.0
inj_1491,real,181.0,256.0,256.0
rem_426,pix2pix,234.0,256.0,256.0
inj_1490,pix2pix,152.0,256.0,256.0
rem_425,diffusion,87.0,256.0,256.0
inj_1490,diffusion,151.0,256.0,256.0
rem_425,cycle,92.0,256.0,256.0
inj_1489,cycle,230.0,256.0,256.0
inj_1491,cycle,194.0,256.0,256.0
rem_958,real,91.0,256.0,256.0
rem_959,real,231.0,256.0,256.0
rem_960,real,94.0,256.0,256.0
rem_958,diffusion,93.0,256.0,256.0
rem_959,diffusion,255.0,256.0,256.0
rem_960,diffusion,79.0,256.0,256.0
rem_958,cycle,77.0,256.0,256.0
rem_959,cycle,263.0,256.0,256.0
rem_960,cycle,76.0,256.0,256.0
rem_428,real,21.0,256.0,256.0
rem_428,pix2pix,45.0,256.0,256.0
rem_428,cycle,40.0,256.0,256.0
rem_428,diffusion,31.0,256.0,256.0
rem_961,real,39.0,256.0,256.0
rem_961,diffusion,38.0,256.0,256.0
rem_961,cycle,49.0,256.0,256.0
rem_430,real,157.0,256.0,256.0
inj_1503,real,256.0,256.0,256.0
inj_1504,real,94.0,256.0,256.0
inj_1505,real,97.0,256.0,256.0
inj_1508,real,132.0,256.0,256.0
inj_1509,real,246.0,256.0,256.0
rem_430,pix2pix,168.0,256.0,256.0
inj_1503,pix2pix,236.0,256.0,256.0
inj_1504,pix2pix,72.0,256.0,256.0
inj_1505,pix2pix,82.0,256.0,256.0
inj_1506,pix2pix,50.0,256.0,256.0
inj_1507,pix2pix,63.0,256.0,256.0
inj_1509,pix2pix,240.0,256.0,256.0
inj_1510,pix2pix,106.0,256.0,256.0
inj_1511,pix2pix,155.0,256.0,256.0
inj_1503,diffusion,249.0,256.0,256.0
inj_1504,diffusion,74.0,256.0,256.0
inj_1505,diffusion,78.0,256.0,256.0
inj_1506,diffusion,60.0,256.0,256.0
inj_1507,diffusion,85.0,256.0,256.0
inj_1509,diffusion,238.0,256.0,256.0
inj_1510,diffusion,127.0,256.0,256.0
inj_1511,diffusion,159.0,256.0,256.0
rem_430,cycle,161.0,256.0,256.0
inj_1503,cycle,239.0,256.0,256.0
inj_1504,cycle,77.0,256.0,256.0
inj_1505,cycle,103.0,256.0,256.0
inj_1508,cycle,123.0,256.0,256.0
inj_1509,cycle,214.0,256.0,256.0
inj_1506,real,55.0,256.0,256.0
inj_1507,real,94.0,256.0,256.0
inj_1510,real,124.0,256.0,256.0
inj_1511,real,147.0,256.0,256.0
inj_1508,pix2pix,135.0,256.0,256.0
rem_430,diffusion,183.0,256.0,256.0
inj_1508,diffusion,142.0,256.0,256.0
inj_1506,cycle,56.0,256.0,256.0
inj_1507,cycle,76.0,256.0,256.0
inj_1510,cycle,110.0,256.0,256.0
inj_1511,cycle,164.0,256.0,256.0
rem_963,real,178.0,256.0,256.0
rem_963,diffusion,154.0,256.0,256.0
rem_963,cycle,161.0,256.0,256.0
rem_432,real,171.0,256.0,256.0
inj_1512,real,97.0,256.0,256.0
inj_1513,real,202.0,256.0,256.0
rem_432,pix2pix,156.0,256.0,256.0
inj_1512,pix2pix,120.0,256.0,256.0
rem_431,diffusion,201.0,256.0,256.0
rem_432,diffusion,174.0,256.0,256.0
inj_1512,diffusion,120.0,256.0,256.0
rem_432,cycle,153.0,256.0,256.0
inj_1512,cycle,97.0,256.0,256.0
inj_1513,cycle,182.0,256.0,256.0
rem_431,real,200.0,256.0,256.0
rem_431,pix2pix,204.0,256.0,256.0
inj_1513,pix2pix,182.0,256.0,256.0
inj_1513,diffusion,187.0,256.0,256.0
rem_431,cycle,205.0,256.0,256.0
rem_964,real,204.0,256.0,256.0
rem_965,real,169.0,256.0,256.0
rem_964,diffusion,203.0,256.0,256.0
rem_965,diffusion,170.0,256.0,256.0
rem_964,cycle,204.0,256.0,256.0
rem_965,cycle,152.0,256.0,256.0
rem_433,real,146.0,256.0,256.0
inj_1524,real,106.0,256.0,256.0
inj_1525,real,197.0,256.0,256.0
rem_433,pix2pix,139.0,256.0,256.0
inj_1524,pix2pix,120.0,256.0,256.0
inj_1525,pix2pix,206.0,256.0,256.0
rem_433,diffusion,145.0,256.0,256.0
inj_1524,diffusion,104.0,256.0,256.0
inj_1525,diffusion,209.0,256.0,256.0
rem_433,cycle,139.0,256.0,256.0
inj_1524,cycle,103.0,256.0,256.0
inj_1525,cycle,192.0,256.0,256.0
rem_966,real,144.0,256.0,256.0
rem_966,diffusion,138.0,256.0,256.0
rem_966,cycle,124.0,256.0,256.0
rem_434,real,66.0,256.0,256.0
rem_435,real,101.0,256.0,256.0
inj_1530,real,135.0,256.0,256.0
inj_1531,real,138.0,256.0,256.0
inj_1532,real,63.0,256.0,256.0
inj_1533,real,52.0,256.0,256.0
inj_1534,real,117.0,256.0,256.0
rem_434,pix2pix,65.0,256.0,256.0
inj_1529,pix2pix,76.0,256.0,256.0
inj_1530,pix2pix,139.0,256.0,256.0
inj_1532,pix2pix,54.0,256.0,256.0
inj_1533,pix2pix,64.0,256.0,256.0
rem_435,diffusion,130.0,256.0,256.0
inj_1529,diffusion,64.0,256.0,256.0
inj_1530,diffusion,153.0,256.0,256.0
inj_1532,diffusion,74.0,256.0,256.0
inj_1533,diffusion,41.0,256.0,256.0
rem_434,cycle,57.0,256.0,256.0
rem_435,cycle,131.0,256.0,256.0
inj_1530,cycle,141.0,256.0,256.0
inj_1531,cycle,118.0,256.0,256.0
inj_1532,cycle,77.0,256.0,256.0
inj_1533,cycle,64.0,256.0,256.0
inj_1534,cycle,133.0,256.0,256.0
inj_1529,real,57.0,256.0,256.0
rem_435,pix2pix,123.0,256.0,256.0
inj_1531,pix2pix,112.0,256.0,256.0
inj_1534,pix2pix,143.0,256.0,256.0
rem_434,diffusion,63.0,256.0,256.0
inj_1531,diffusion,129.0,256.0,256.0
inj_1534,diffusion,136.0,256.0,256.0
inj_1529,cycle,76.0,256.0,256.0
rem_967,real,62.0,256.0,256.0
rem_968,real,129.0,256.0,256.0
rem_967,diffusion,48.0,256.0,256.0
rem_968,diffusion,132.0,256.0,256.0
rem_967,cycle,52.0,256.0,256.0
rem_968,cycle,122.0,256.0,256.0
rem_436,real,43.0,256.0,256.0
inj_1539,real,97.0,256.0,256.0
inj_1540,real,86.0,256.0,256.0
inj_1541,real,141.0,256.0,256.0
rem_436,pix2pix,43.0,256.0,256.0
inj_1539,pix2pix,113.0,256.0,256.0
inj_1540,pix2pix,113.0,256.0,256.0
inj_1541,pix2pix,127.0,256.0,256.0
inj_1539,diffusion,118.0,256.0,256.0
inj_1540,diffusion,99.0,256.0,256.0
inj_1541,diffusion,113.0,256.0,256.0
rem_436,cycle,29.0,256.0,256.0
inj_1539,cycle,112.0,256.0,256.0
inj_1540,cycle,90.0,256.0,256.0
inj_1541,cycle,122.0,256.0,256.0
rem_436,diffusion,21.0,256.0,256.0
rem_969,real,29.0,256.0,256.0
rem_969,diffusion,26.0,256.0,256.0
rem_969,cycle,34.0,256.0,256.0
rem_437,real,132.0,256.0,256.0
rem_437,pix2pix,138.0,256.0,256.0
rem_437,cycle,156.0,256.0,256.0
rem_437,diffusion,135.0,256.0,256.0
rem_970,real,133.0,256.0,256.0
rem_970,diffusion,148.0,256.0,256.0
rem_970,cycle,154.0,256.0,256.0
rem_438,real,185.0,256.0,256.0
rem_438,pix2pix,197.0,256.0,256.0
rem_438,diffusion,180.0,256.0,256.0
rem_438,cycle,204.0,256.0,256.0
rem_971,real,199.0,256.0,256.0
rem_971,diffusion,185.0,256.0,256.0
rem_971,cycle,185.0,256.0,256.0
rem_44,real,80.0,256.0,256.0
rem_577,real,53.0,256.0,256.0
inj_100,real,75.0,256.0,256.0
inj_101,real,70.0,256.0,256.0
inj_102,real,76.0,256.0,256.0
inj_103,real,76.0,256.0,256.0
inj_104,real,56.0,256.0,256.0
inj_106,real,71.0,256.0,256.0
inj_107,real,46.0,256.0,256.0
inj_109,real,63.0,256.0,256.0
inj_110,real,72.0,256.0,256.0
inj_111,real,55.0,256.0,256.0
inj_112,real,61.0,256.0,256.0
inj_2074,real,72.0,256.0,256.0
inj_2075,real,65.0,256.0,256.0
inj_2076,real,57.0,256.0,256.0
inj_2077,real,68.0,256.0,256.0
inj_2078,real,53.0,256.0,256.0
inj_2079,real,85.0,256.0,256.0
inj_2080,real,98.0,256.0,256.0
inj_2081,real,50.0,256.0,256.0
inj_2082,real,72.0,256.0,256.0
inj_2083,real,71.0,256.0,256.0
inj_2084,real,74.0,256.0,256.0
inj_2085,real,53.0,256.0,256.0
inj_2086,real,77.0,256.0,256.0
inj_2087,real,79.0,256.0,256.0
rem_44,pix2pix,70.0,256.0,256.0
rem_577,pix2pix,57.0,256.0,256.0
inj_100,pix2pix,61.0,256.0,256.0
inj_101,pix2pix,55.0,256.0,256.0
inj_103,pix2pix,63.0,256.0,256.0
inj_105,pix2pix,89.0,256.0,256.0
inj_106,pix2pix,77.0,256.0,256.0
inj_107,pix2pix,70.0,256.0,256.0
inj_108,pix2pix,65.0,256.0,256.0
inj_109,pix2pix,64.0,256.0,256.0
inj_110,pix2pix,71.0,256.0,256.0
inj_111,pix2pix,58.0,256.0,256.0
inj_112,pix2pix,54.0,256.0,256.0
inj_2074,pix2pix,67.0,256.0,256.0
inj_2075,pix2pix,84.0,256.0,256.0
inj_2078,pix2pix,82.0,256.0,256.0
inj_2080,pix2pix,96.0,256.0,256.0
inj_2081,pix2pix,79.0,256.0,256.0
inj_2082,pix2pix,50.0,256.0,256.0
inj_2085,pix2pix,67.0,256.0,256.0
inj_2086,pix2pix,54.0,256.0,256.0
inj_2087,pix2pix,85.0,256.0,256.0
rem_44,diffusion,69.0,256.0,256.0
rem_577,diffusion,71.0,256.0,256.0
inj_100,diffusion,75.0,256.0,256.0
inj_101,diffusion,61.0,256.0,256.0
inj_103,diffusion,82.0,256.0,256.0
inj_105,diffusion,92.0,256.0,256.0
inj_106,diffusion,61.0,256.0,256.0
inj_107,diffusion,75.0,256.0,256.0
inj_108,diffusion,65.0,256.0,256.0
inj_109,diffusion,70.0,256.0,256.0
inj_110,diffusion,66.0,256.0,256.0
inj_111,diffusion,60.0,256.0,256.0
inj_112,diffusion,58.0,256.0,256.0
inj_2074,diffusion,66.0,256.0,256.0
inj_2075,diffusion,58.0,256.0,256.0
inj_2078,diffusion,71.0,256.0,256.0
inj_2080,diffusion,87.0,256.0,256.0
inj_2081,diffusion,54.0,256.0,256.0
inj_2082,diffusion,49.0,256.0,256.0
inj_2085,diffusion,67.0,256.0,256.0
inj_2086,diffusion,72.0,256.0,256.0
inj_2087,diffusion,71.0,256.0,256.0
rem_44,cycle,56.0,256.0,256.0
rem_577,cycle,56.0,256.0,256.0
inj_100,cycle,64.0,256.0,256.0
inj_101,cycle,69.0,256.0,256.0
inj_102,cycle,67.0,256.0,256.0
inj_103,cycle,81.0,256.0,256.0
inj_104,cycle,68.0,256.0,256.0
inj_106,cycle,52.0,256.0,256.0
inj_107,cycle,78.0,256.0,256.0
inj_109,cycle,70.0,256.0,256.0
inj_110,cycle,55.0,256.0,256.0
inj_111,cycle,53.0,256.0,256.0
inj_112,cycle,74.0,256.0,256.0
inj_2074,cycle,79.0,256.0,256.0
inj_2075,cycle,76.0,256.0,256.0
inj_2076,cycle,74.0,256.0,256.0
inj_2077,cycle,72.0,256.0,256.0
inj_2078,cycle,60.0,256.0,256.0
inj_2079,cycle,84.0,256.0,256.0
inj_2080,cycle,101.0,256.0,256.0
inj_2081,cycle,76.0,256.0,256.0
inj_2082,cycle,58.0,256.0,256.0
inj_2083,cycle,98.0,256.0,256.0
inj_2084,cycle,58.0,256.0,256.0
inj_2085,cycle,64.0,256.0,256.0
inj_2086,cycle,49.0,256.0,256.0
inj_2087,cycle,74.0,256.0,256.0
inj_105,real,108.0,256.0,256.0
inj_108,real,72.0,256.0,256.0
inj_102,pix2pix,50.0,256.0,256.0
inj_104,pix2pix,73.0,256.0,256.0
inj_2076,pix2pix,72.0,256.0,256.0
inj_2077,pix2pix,80.0,256.0,256.0
inj_2079,pix2pix,73.0,256.0,256.0
inj_2083,pix2pix,89.0,256.0,256.0
inj_2084,pix2pix,52.0,256.0,256.0
inj_102,diffusion,59.0,256.0,256.0
inj_104,diffusion,68.0,256.0,256.0
inj_2076,diffusion,61.0,256.0,256.0
inj_2077,diffusion,54.0,256.0,256.0
inj_2079,diffusion,78.0,256.0,256.0
inj_2083,diffusion,74.0,256.0,256.0
inj_2084,diffusion,66.0,256.0,256.0
inj_105,cycle,111.0,256.0,256.0
inj_108,cycle,70.0,256.0,256.0
inj_99,real,75.0,256.0,256.0
inj_99,pix2pix,74.0,256.0,256.0
inj_99,diffusion,81.0,256.0,256.0
inj_99,cycle,61.0,256.0,256.0
rem_441,real,37.0,256.0,256.0
rem_442,real,34.0,256.0,256.0
inj_1553,real,49.0,256.0,256.0
rem_441,cycle,28.0,256.0,256.0
rem_442,cycle,7.0,256.0,256.0
inj_1553,cycle,58.0,256.0,256.0
rem_974,real,31.0,256.0,256.0
rem_975,real,13.0,256.0,256.0
rem_974,cycle,43.0,256.0,256.0
rem_975,cycle,24.0,256.0,256.0
rem_447,real,61.0,256.0,256.0
inj_1596,real,88.0,256.0,256.0
inj_1597,real,81.0,256.0,256.0
rem_447,pix2pix,57.0,256.0,256.0
inj_1596,pix2pix,114.0,256.0,256.0
inj_1597,pix2pix,103.0,256.0,256.0
rem_447,diffusion,67.0,256.0,256.0
inj_1596,diffusion,92.0,256.0,256.0
inj_1597,diffusion,96.0,256.0,256.0
rem_447,cycle,73.0,256.0,256.0
inj_1596,cycle,90.0,256.0,256.0
inj_1597,cycle,99.0,256.0,256.0
rem_980,real,75.0,256.0,256.0
rem_980,diffusion,77.0,256.0,256.0
rem_980,cycle,78.0,256.0,256.0
rem_448,real,125.0,256.0,256.0
rem_449,real,213.0,256.0,256.0
inj_1637,real,182.0,256.0,256.0
rem_448,pix2pix,112.0,256.0,256.0
inj_1637,pix2pix,201.0,256.0,256.0
rem_448,diffusion,109.0,256.0,256.0
inj_1637,diffusion,186.0,256.0,256.0
rem_448,cycle,126.0,256.0,256.0
rem_449,cycle,232.0,256.0,256.0
inj_1637,cycle,196.0,256.0,256.0
rem_449,pix2pix,224.0,256.0,256.0
rem_449,diffusion,202.0,256.0,256.0
rem_981,real,114.0,256.0,256.0
rem_982,real,217.0,256.0,256.0
rem_981,diffusion,114.0,256.0,256.0
rem_982,diffusion,210.0,256.0,256.0
rem_981,cycle,115.0,256.0,256.0
rem_982,cycle,203.0,256.0,256.0
rem_450,real,367.0,256.0,256.0
inj_1638,real,229.0,256.0,256.0
inj_1639,real,314.0,256.0,256.0
inj_1641,real,380.0,256.0,256.0
inj_1638,pix2pix,237.0,256.0,256.0
inj_1639,pix2pix,305.0,256.0,256.0
inj_1640,pix2pix,228.0,256.0,256.0
inj_1641,pix2pix,363.0,256.0,256.0
rem_450,diffusion,377.0,256.0,256.0
inj_1638,diffusion,230.0,256.0,256.0
inj_1639,diffusion,322.0,256.0,256.0
inj_1640,diffusion,210.0,256.0,256.0
inj_1641,diffusion,372.0,256.0,256.0
rem_450,cycle,355.0,256.0,256.0
inj_1638,cycle,230.0,256.0,256.0
inj_1639,cycle,314.0,256.0,256.0
inj_1641,cycle,369.0,256.0,256.0
inj_1640,real,226.0,256.0,256.0
rem_450,pix2pix,365.0,256.0,256.0
inj_1640,cycle,238.0,256.0,256.0
rem_983,real,381.0,256.0,256.0
rem_983,diffusion,364.0,256.0,256.0
rem_983,cycle,370.0,256.0,256.0
rem_451,real,265.0,256.0,256.0
inj_1646,real,218.0,256.0,256.0
inj_1647,real,124.0,256.0,256.0
inj_1648,real,286.0,256.0,256.0
inj_1651,real,266.0,256.0,256.0
inj_1652,real,319.0,256.0,256.0
rem_451,pix2pix,277.0,256.0,256.0
inj_1646,pix2pix,242.0,256.0,256.0
inj_1648,pix2pix,300.0,256.0,256.0
inj_1649,pix2pix,276.0,256.0,256.0
inj_1650,pix2pix,178.0,256.0,256.0
inj_1651,pix2pix,251.0,256.0,256.0
inj_1652,pix2pix,331.0,256.0,256.0
inj_1646,diffusion,239.0,256.0,256.0
inj_1648,diffusion,306.0,256.0,256.0
inj_1649,diffusion,297.0,256.0,256.0
inj_1650,diffusion,166.0,256.0,256.0
inj_1651,diffusion,266.0,256.0,256.0
inj_1652,diffusion,346.0,256.0,256.0
rem_451,cycle,270.0,256.0,256.0
inj_1646,cycle,215.0,256.0,256.0
inj_1647,cycle,152.0,256.0,256.0
inj_1648,cycle,286.0,256.0,256.0
inj_1651,cycle,274.0,256.0,256.0
inj_1652,cycle,347.0,256.0,256.0
inj_1649,real,281.0,256.0,256.0
inj_1650,real,194.0,256.0,256.0
inj_1647,pix2pix,144.0,256.0,256.0
rem_451,diffusion,284.0,256.0,256.0
inj_1647,diffusion,145.0,256.0,256.0
inj_1649,cycle,275.0,256.0,256.0
inj_1650,cycle,182.0,256.0,256.0
rem_984,real,269.0,256.0,256.0
rem_984,diffusion,284.0,256.0,256.0
rem_984,cycle,262.0,256.0,256.0
rem_452,real,179.0,256.0,256.0
inj_1653,real,120.0,256.0,256.0
inj_1654,real,286.0,256.0,256.0
rem_452,pix2pix,180.0,256.0,256.0
inj_1654,pix2pix,284.0,256.0,256.0
rem_452,diffusion,187.0,256.0,256.0
inj_1654,diffusion,278.0,256.0,256.0
rem_452,cycle,197.0,256.0,256.0
inj_1653,cycle,120.0,256.0,256.0
inj_1654,cycle,281.0,256.0,256.0
inj_1653,pix2pix,127.0,256.0,256.0
inj_1653,diffusion,121.0,256.0,256.0
rem_985,real,169.0,256.0,256.0
rem_985,diffusion,196.0,256.0,256.0
rem_985,cycle,166.0,256.0,256.0
rem_453,real,169.0,256.0,256.0
rem_454,real,153.0,256.0,256.0
inj_1661,real,208.0,256.0,256.0
inj_1662,real,387.0,256.0,256.0
inj_1664,real,144.0,256.0,256.0
inj_1665,real,329.0,256.0,256.0
rem_453,pix2pix,166.0,256.0,256.0
inj_1661,pix2pix,206.0,256.0,256.0
inj_1662,pix2pix,402.0,256.0,256.0
inj_1663,pix2pix,213.0,256.0,256.0
inj_1664,pix2pix,160.0,256.0,256.0
inj_1665,pix2pix,329.0,256.0,256.0
rem_453,diffusion,163.0,256.0,256.0
inj_1661,diffusion,208.0,256.0,256.0
inj_1662,diffusion,390.0,256.0,256.0
inj_1663,diffusion,207.0,256.0,256.0
inj_1664,diffusion,159.0,256.0,256.0
inj_1665,diffusion,322.0,256.0,256.0
rem_453,cycle,143.0,256.0,256.0
rem_454,cycle,145.0,256.0,256.0
inj_1661,cycle,211.0,256.0,256.0
inj_1662,cycle,395.0,256.0,256.0
inj_1664,cycle,164.0,256.0,256.0
inj_1665,cycle,320.0,256.0,256.0
inj_1663,real,212.0,256.0,256.0
rem_454,pix2pix,158.0,256.0,256.0
rem_454,diffusion,146.0,256.0,256.0
inj_1663,cycle,216.0,256.0,256.0
rem_986,real,167.0,256.0,256.0
rem_987,real,155.0,256.0,256.0
rem_986,diffusion,169.0,256.0,256.0
rem_987,diffusion,138.0,256.0,256.0
rem_986,cycle,153.0,256.0,256.0
rem_987,cycle,139.0,256.0,256.0
rem_456,real,82.0,256.0,256.0
rem_457,real,65.0,256.0,256.0
inj_1680,real,75.0,256.0,256.0
inj_1681,real,39.0,256.0,256.0
inj_1683,real,5.0,256.0,256.0
inj_1684,real,47.0,256.0,256.0
inj_1686,real,34.0,256.0,256.0
inj_1687,real,32.0,256.0,256.0
inj_1689,real,39.0,256.0,256.0
inj_1690,real,49.0,256.0,256.0
inj_1691,real,40.0,256.0,256.0
inj_1692,real,53.0,256.0,256.0
inj_1693,real,55.0,256.0,256.0
rem_456,cycle,64.0,256.0,256.0
rem_457,cycle,70.0,256.0,256.0
inj_1680,cycle,74.0,256.0,256.0
inj_1681,cycle,55.0,256.0,256.0
inj_1683,cycle,3.0,256.0,256.0
inj_1684,cycle,71.0,256.0,256.0
inj_1686,cycle,12.0,256.0,256.0
inj_1687,cycle,40.0,256.0,256.0
inj_1689,cycle,35.0,256.0,256.0
inj_1690,cycle,57.0,256.0,256.0
inj_1691,cycle,54.0,256.0,256.0
inj_1692,cycle,77.0,256.0,256.0
inj_1693,cycle,56.0,256.0,256.0
inj_1682,real,47.0,256.0,256.0
inj_1685,real,18.0,256.0,256.0
inj_1688,real,27.0,256.0,256.0
inj_1682,cycle,68.0,256.0,256.0
inj_1685,cycle,24.0,256.0,256.0
inj_1688,cycle,47.0,256.0,256.0
rem_989,real,73.0,256.0,256.0
rem_990,real,81.0,256.0,256.0
rem_989,cycle,67.0,256.0,256.0
rem_990,cycle,88.0,256.0,256.0
rem_459,real,246.0,256.0,256.0
inj_1697,real,175.0,256.0,256.0
inj_1698,real,149.0,256.0,256.0
inj_1699,real,177.0,256.0,256.0
inj_1700,real,111.0,256.0,256.0
inj_1701,real,137.0,256.0,256.0
inj_1703,real,162.0,256.0,256.0
inj_1704,real,189.0,256.0,256.0
inj_1705,real,260.0,256.0,256.0
inj_1706,real,85.0,256.0,256.0
inj_1707,real,166.0,256.0,256.0
rem_458,pix2pix,110.0,256.0,256.0
rem_459,pix2pix,239.0,256.0,256.0
inj_1697,pix2pix,186.0,256.0,256.0
inj_1698,pix2pix,124.0,256.0,256.0
inj_1699,pix2pix,172.0,256.0,256.0
inj_1700,pix2pix,123.0,256.0,256.0
inj_1701,pix2pix,123.0,256.0,256.0
inj_1702,pix2pix,247.0,256.0,256.0
inj_1703,pix2pix,160.0,256.0,256.0
inj_1704,pix2pix,201.0,256.0,256.0
inj_1705,pix2pix,279.0,256.0,256.0
inj_1706,pix2pix,67.0,256.0,256.0
inj_1707,pix2pix,184.0,256.0,256.0
rem_458,diffusion,128.0,256.0,256.0
rem_459,diffusion,224.0,256.0,256.0
inj_1697,diffusion,167.0,256.0,256.0
inj_1698,diffusion,145.0,256.0,256.0
inj_1699,diffusion,158.0,256.0,256.0
inj_1700,diffusion,100.0,256.0,256.0
inj_1701,diffusion,143.0,256.0,256.0
inj_1702,diffusion,257.0,256.0,256.0
inj_1703,diffusion,168.0,256.0,256.0
inj_1704,diffusion,195.0,256.0,256.0
inj_1705,diffusion,281.0,256.0,256.0
inj_1706,diffusion,81.0,256.0,256.0
inj_1707,diffusion,173.0,256.0,256.0
rem_459,cycle,239.0,256.0,256.0
inj_1697,cycle,192.0,256.0,256.0
inj_1698,cycle,148.0,256.0,256.0
inj_1699,cycle,180.0,256.0,256.0
inj_1700,cycle,107.0,256.0,256.0
inj_1701,cycle,146.0,256.0,256.0
inj_1703,cycle,172.0,256.0,256.0
inj_1704,cycle,194.0,256.0,256.0
inj_1705,cycle,270.0,256.0,256.0
inj_1706,cycle,85.0,256.0,256.0
inj_1707,cycle,173.0,256.0,256.0
rem_458,real,131.0,256.0,256.0
inj_1702,real,240.0,256.0,256.0
rem_458,cycle,117.0,256.0,256.0
inj_1702,cycle,255.0,256.0,256.0
rem_991,real,112.0,256.0,256.0
rem_992,real,230.0,256.0,256.0
rem_991,diffusion,137.0,256.0,256.0
rem_992,diffusion,246.0,256.0,256.0
rem_991,cycle,128.0,256.0,256.0
rem_992,cycle,253.0,256.0,256.0
rem_460,real,33.0,256.0,256.0
inj_1709,real,105.0,256.0,256.0
inj_1709,pix2pix,108.0,256.0,256.0
inj_1709,diffusion,119.0,256.0,256.0
rem_460,cycle,43.0,256.0,256.0
inj_1709,cycle,113.0,256.0,256.0
rem_460,pix2pix,44.0,256.0,256.0
rem_460,diffusion,40.0,256.0,256.0
rem_993,real,32.0,256.0,256.0
rem_993,diffusion,36.0,256.0,256.0
rem_993,cycle,17.0,256.0,256.0
rem_462,real,372.0,256.0,256.0
inj_1754,real,321.0,256.0,256.0
inj_1755,real,118.0,256.0,256.0
inj_1756,real,227.0,256.0,256.0
rem_462,pix2pix,345.0,256.0,256.0
inj_1754,pix2pix,331.0,256.0,256.0
inj_1755,pix2pix,122.0,256.0,256.0
inj_1756,pix2pix,247.0,256.0,256.0
rem_462,diffusion,348.0,256.0,256.0
inj_1754,diffusion,315.0,256.0,256.0
inj_1755,diffusion,111.0,256.0,256.0
inj_1756,diffusion,235.0,256.0,256.0
rem_462,cycle,357.0,256.0,256.0
inj_1754,cycle,307.0,256.0,256.0
inj_1755,cycle,118.0,256.0,256.0
inj_1756,cycle,244.0,256.0,256.0
rem_995,real,359.0,256.0,256.0
rem_995,diffusion,368.0,256.0,256.0
rem_995,cycle,353.0,256.0,256.0
rem_463,real,99.0,256.0,256.0
rem_464,real,39.0,256.0,256.0
rem_463,pix2pix,99.0,256.0,256.0
rem_463,cycle,84.0,256.0,256.0
rem_464,cycle,59.0,256.0,256.0
rem_464,pix2pix,56.0,256.0,256.0
rem_463,diffusion,79.0,256.0,256.0
rem_464,diffusion,40.0,256.0,256.0
rem_996,real,75.0,256.0,256.0
rem_997,real,47.0,256.0,256.0
rem_996,diffusion,76.0,256.0,256.0
rem_997,diffusion,34.0,256.0,256.0
rem_996,cycle,92.0,256.0,256.0
rem_997,cycle,31.0,256.0,256.0
rem_465,real,168.0,256.0,256.0
inj_1757,real,54.0,256.0,256.0
inj_1758,real,27.0,256.0,256.0
inj_1759,real,124.0,256.0,256.0
inj_1760,real,21.0,256.0,256.0
inj_1761,real,95.0,256.0,256.0
inj_1762,real,37.0,256.0,256.0
rem_465,pix2pix,167.0,256.0,256.0
inj_1757,pix2pix,55.0,256.0,256.0
inj_1758,pix2pix,41.0,256.0,256.0
inj_1760,pix2pix,38.0,256.0,256.0
inj_1761,pix2pix,121.0,256.0,256.0
inj_1762,pix2pix,33.0,256.0,256.0
inj_1763,pix2pix,34.0,256.0,256.0
rem_465,diffusion,155.0,256.0,256.0
inj_1757,diffusion,49.0,256.0,256.0
inj_1758,diffusion,24.0,256.0,256.0
inj_1760,diffusion,33.0,256.0,256.0
inj_1761,diffusion,96.0,256.0,256.0
inj_1762,diffusion,23.0,256.0,256.0
inj_1763,diffusion,51.0,256.0,256.0
rem_465,cycle,139.0,256.0,256.0
inj_1757,cycle,28.0,256.0,256.0
inj_1758,cycle,46.0,256.0,256.0
inj_1759,cycle,136.0,256.0,256.0
inj_1760,cycle,25.0,256.0,256.0
inj_1761,cycle,94.0,256.0,256.0
inj_1762,cycle,44.0,256.0,256.0
inj_1763,real,37.0,256.0,256.0
inj_1759,pix2pix,109.0,256.0,256.0
inj_1759,diffusion,135.0,256.0,256.0
inj_1763,cycle,57.0,256.0,256.0
rem_998,real,148.0,256.0,256.0
rem_998,diffusion,162.0,256.0,256.0
rem_998,cycle,144.0,256.0,256.0
rem_625,real,31.0,256.0,256.0
rem_625,cycle,20.0,256.0,256.0
rem_92,real,36.0,256.0,256.0
rem_92,cycle,15.0,256.0,256.0
rem_626,real,77.0,256.0,256.0
rem_626,cycle,65.0,256.0,256.0
rem_93,real,73.0,256.0,256.0
rem_93,cycle,62.0,256.0,256.0
rem_627,real,173.0,256.0,256.0
inj_205,real,148.0,256.0,256.0
inj_205,pix2pix,144.0,256.0,256.0
inj_2180,pix2pix,149.0,256.0,256.0
inj_205,diffusion,148.0,256.0,256.0
inj_2180,diffusion,143.0,256.0,256.0
rem_627,cycle,176.0,256.0,256.0
inj_205,cycle,137.0,256.0,256.0
inj_2180,real,161.0,256.0,256.0
rem_627,diffusion,183.0,256.0,256.0
inj_2180,cycle,136.0,256.0,256.0
rem_94,real,198.0,256.0,256.0
rem_627,pix2pix,181.0,256.0,256.0
rem_94,pix2pix,197.0,256.0,256.0
rem_94,diffusion,171.0,256.0,256.0
rem_94,cycle,195.0,256.0,256.0
rem_628,real,83.0,256.0,256.0
rem_629,real,98.0,256.0,256.0
rem_631,real,110.0,256.0,256.0
rem_628,diffusion,92.0,256.0,256.0
rem_629,diffusion,97.0,256.0,256.0
rem_630,diffusion,43.0,256.0,256.0
rem_631,diffusion,135.0,256.0,256.0
rem_628,cycle,72.0,256.0,256.0
rem_629,cycle,98.0,256.0,256.0
rem_631,cycle,118.0,256.0,256.0
rem_630,real,22.0,256.0,256.0
rem_630,cycle,41.0,256.0,256.0
rem_95,real,78.0,256.0,256.0
rem_96,real,71.0,256.0,256.0
rem_97,real,38.0,256.0,256.0
rem_98,real,111.0,256.0,256.0
rem_628,pix2pix,81.0,256.0,256.0
rem_629,pix2pix,100.0,256.0,256.0
rem_630,pix2pix,34.0,256.0,256.0
rem_631,pix2pix,126.0,256.0,256.0
rem_95,pix2pix,74.0,256.0,256.0
rem_96,pix2pix,75.0,256.0,256.0
rem_97,pix2pix,47.0,256.0,256.0
rem_98,pix2pix,113.0,256.0,256.0
rem_95,diffusion,83.0,256.0,256.0
rem_96,diffusion,92.0,256.0,256.0
rem_97,diffusion,35.0,256.0,256.0
rem_98,diffusion,110.0,256.0,256.0
rem_95,cycle,99.0,256.0,256.0
rem_96,cycle,75.0,256.0,256.0
rem_97,cycle,22.0,256.0,256.0
rem_98,cycle,132.0,256.0,256.0
rem_632,real,103.0,256.0,256.0
inj_206,real,128.0,256.0,256.0
inj_2181,real,122.0,256.0,256.0
inj_206,pix2pix,108.0,256.0,256.0
inj_2181,pix2pix,122.0,256.0,256.0
rem_632,diffusion,134.0,256.0,256.0
inj_206,diffusion,118.0,256.0,256.0
inj_2181,diffusion,118.0,256.0,256.0
rem_632,cycle,111.0,256.0,256.0
inj_206,cycle,106.0,256.0,256.0
inj_2181,cycle,125.0,256.0,256.0
rem_99,real,101.0,256.0,256.0
rem_632,pix2pix,131.0,256.0,256.0
rem_99,pix2pix,127.0,256.0,256.0
rem_99,diffusion,103.0,256.0,256.0
rem_99,cycle,111.0,256.0,256.0
rem_828,real,42.0,256.0,256.0
rem_295,pix2pix,31.0,256.0,256.0
rem_295,diffusion,33.0,256.0,256.0
rem_828,cycle,30.0,256.0,256.0
rem_295,real,28.0,256.0,256.0
rem_828,diffusion,45.0,256.0,256.0
rem_295,cycle,35.0,256.0,256.0
inj_852,real,144.0,256.0,256.0
inj_853,real,114.0,256.0,256.0
inj_852,pix2pix,152.0,256.0,256.0
inj_853,pix2pix,107.0,256.0,256.0
inj_852,diffusion,158.0,256.0,256.0
inj_853,diffusion,123.0,256.0,256.0
inj_852,cycle,154.0,256.0,256.0
inj_853,cycle,128.0,256.0,256.0
rem_841,real,116.0,256.0,256.0
rem_308,pix2pix,93.0,256.0,256.0
rem_308,diffusion,88.0,256.0,256.0
rem_841,diffusion,92.0,256.0,256.0
rem_841,cycle,101.0,256.0,256.0
rem_308,real,95.0,256.0,256.0
rem_308,cycle,113.0,256.0,256.0
inj_899,real,123.0,256.0,256.0
inj_900,real,29.0,256.0,256.0
inj_901,real,54.0,256.0,256.0
inj_902,real,124.0,256.0,256.0
inj_899,pix2pix,146.0,256.0,256.0
inj_900,pix2pix,38.0,256.0,256.0
inj_901,pix2pix,53.0,256.0,256.0
inj_902,pix2pix,109.0,256.0,256.0
inj_899,diffusion,126.0,256.0,256.0
inj_900,diffusion,23.0,256.0,256.0
inj_901,diffusion,63.0,256.0,256.0
inj_902,diffusion,117.0,256.0,256.0
inj_899,cycle,134.0,256.0,256.0
inj_900,cycle,45.0,256.0,256.0
inj_901,cycle,70.0,256.0,256.0
inj_902,cycle,131.0,256.0,256.0
rem_845,real,210.0,256.0,256.0
rem_312,pix2pix,229.0,256.0,256.0
rem_312,diffusion,224.0,256.0,256.0
rem_845,diffusion,210.0,256.0,256.0
rem_845,cycle,223.0,256.0,256.0
rem_312,real,241.0,256.0,256.0
rem_312,cycle,238.0,256.0,256.0
inj_919,real,89.0,256.0,256.0
inj_919,pix2pix,82.0,256.0,256.0
inj_919,diffusion,75.0,256.0,256.0
inj_919,cycle,71.0,256.0,256.0
rem_864,real,146.0,256.0,256.0
rem_331,pix2pix,168.0,256.0,256.0
rem_331,diffusion,157.0,256.0,256.0
rem_864,diffusion,165.0,256.0,256.0
rem_864,cycle,153.0,256.0,256.0
rem_331,real,165.0,256.0,256.0
rem_331,cycle,155.0,256.0,256.0
inj_974,real,145.0,256.0,256.0
inj_974,pix2pix,135.0,256.0,256.0
inj_974,diffusion,130.0,256.0,256.0
inj_974,cycle,155.0,256.0,256.0
rem_873,real,95.0,256.0,256.0
rem_340,pix2pix,94.0,256.0,256.0
rem_340,diffusion,91.0,256.0,256.0
rem_873,diffusion,101.0,256.0,256.0
rem_873,cycle,100.0,256.0,256.0
rem_340,real,100.0,256.0,256.0
rem_340,cycle,93.0,256.0,256.0
inj_993,real,67.0,256.0,256.0
inj_994,real,84.0,256.0,256.0
inj_995,real,63.0,256.0,256.0
inj_993,pix2pix,72.0,256.0,256.0
inj_994,pix2pix,90.0,256.0,256.0
inj_995,pix2pix,41.0,256.0,256.0
inj_993,diffusion,95.0,256.0,256.0
inj_994,diffusion,112.0,256.0,256.0
inj_995,diffusion,45.0,256.0,256.0
inj_993,cycle,74.0,256.0,256.0
inj_994,cycle,109.0,256.0,256.0
inj_995,cycle,40.0,256.0,256.0
inj_1000,real,105.0,256.0,256.0
inj_1001,real,94.0,256.0,256.0
inj_1002,real,101.0,256.0,256.0
inj_1003,real,131.0,256.0,256.0
inj_1000,pix2pix,127.0,256.0,256.0
inj_1001,pix2pix,107.0,256.0,256.0
inj_1002,pix2pix,95.0,256.0,256.0
inj_1003,pix2pix,160.0,256.0,256.0
inj_1000,diffusion,116.0,256.0,256.0
inj_1001,diffusion,120.0,256.0,256.0
inj_1002,diffusion,104.0,256.0,256.0
inj_1003,diffusion,150.0,256.0,256.0
inj_1000,cycle,102.0,256.0,256.0
inj_1001,cycle,92.0,256.0,256.0
inj_1002,cycle,92.0,256.0,256.0
inj_1003,cycle,151.0,256.0,256.0
inj_998,real,118.0,256.0,256.0
inj_999,real,160.0,256.0,256.0
inj_998,pix2pix,111.0,256.0,256.0
inj_999,pix2pix,166.0,256.0,256.0
inj_998,diffusion,95.0,256.0,256.0
inj_999,diffusion,167.0,256.0,256.0
inj_998,cycle,94.0,256.0,256.0
inj_999,cycle,155.0,256.0,256.0
inj_1259,real,126.0,256.0,256.0
inj_1260,real,131.0,256.0,256.0
inj_1261,real,97.0,256.0,256.0
inj_1263,real,139.0,256.0,256.0
rem_381,pix2pix,122.0,256.0,256.0
inj_1259,pix2pix,131.0,256.0,256.0
inj_1260,pix2pix,134.0,256.0,256.0
inj_1264,pix2pix,41.0,256.0,256.0
rem_381,diffusion,116.0,256.0,256.0
inj_1259,diffusion,131.0,256.0,256.0
inj_1260,diffusion,146.0,256.0,256.0
inj_1264,diffusion,56.0,256.0,256.0
inj_1259,cycle,124.0,256.0,256.0
inj_1260,cycle,123.0,256.0,256.0
inj_1261,cycle,89.0,256.0,256.0
inj_1263,cycle,162.0,256.0,256.0
rem_381,real,128.0,256.0,256.0
inj_1262,real,70.0,256.0,256.0
inj_1264,real,59.0,256.0,256.0
inj_1261,pix2pix,107.0,256.0,256.0
inj_1262,pix2pix,71.0,256.0,256.0
inj_1263,pix2pix,154.0,256.0,256.0
inj_1261,diffusion,111.0,256.0,256.0
inj_1262,diffusion,41.0,256.0,256.0
inj_1263,diffusion,149.0,256.0,256.0
rem_381,cycle,121.0,256.0,256.0
inj_1262,cycle,52.0,256.0,256.0
inj_1264,cycle,65.0,256.0,256.0
rem_914,real,124.0,256.0,256.0
rem_914,diffusion,107.0,256.0,256.0
rem_914,cycle,107.0,256.0,256.0
inj_1339,real,17.0,256.0,256.0
inj_1340,real,86.0,256.0,256.0
inj_1341,real,68.0,256.0,256.0
inj_1342,real,131.0,256.0,256.0
rem_396,pix2pix,46.0,256.0,256.0
inj_1339,pix2pix,-1.0,256.0,256.0
inj_1340,pix2pix,89.0,256.0,256.0
inj_1341,pix2pix,49.0,256.0,256.0
inj_1342,pix2pix,127.0,256.0,256.0
inj_1343,pix2pix,16.0,256.0,256.0
rem_396,diffusion,38.0,256.0,256.0
inj_1339,diffusion,22.0,256.0,256.0
inj_1340,diffusion,74.0,256.0,256.0
inj_1341,diffusion,61.0,256.0,256.0
inj_1342,diffusion,118.0,256.0,256.0
inj_1343,diffusion,14.0,256.0,256.0
inj_1339,cycle,29.0,256.0,256.0
inj_1340,cycle,78.0,256.0,256.0
inj_1341,cycle,57.0,256.0,256.0
inj_1342,cycle,106.0,256.0,256.0
rem_396,real,37.0,256.0,256.0
inj_1343,real,17.0,256.0,256.0
rem_396,cycle,33.0,256.0,256.0
inj_1343,cycle,15.0,256.0,256.0
rem_929,real,45.0,256.0,256.0
rem_929,diffusion,17.0,256.0,256.0
rem_929,cycle,26.0,256.0,256.0
inj_1355,real,227.0,256.0,256.0
rem_398,pix2pix,401.0,256.0,256.0
inj_1355,pix2pix,238.0,256.0,256.0
inj_1355,diffusion,247.0,256.0,256.0
inj_1355,cycle,249.0,256.0,256.0
rem_398,real,371.0,256.0,256.0
rem_398,diffusion,394.0,256.0,256.0
rem_398,cycle,370.0,256.0,256.0
rem_931,real,374.0,256.0,256.0
rem_931,diffusion,369.0,256.0,256.0
rem_931,cycle,377.0,256.0,256.0
inj_1398,real,85.0,256.0,256.0
inj_1398,pix2pix,94.0,256.0,256.0
rem_408,diffusion,49.0,256.0,256.0
inj_1398,diffusion,89.0,256.0,256.0
inj_1398,cycle,99.0,256.0,256.0
rem_408,real,31.0,256.0,256.0
rem_408,pix2pix,24.0,256.0,256.0
rem_408,cycle,50.0,256.0,256.0
rem_941,real,36.0,256.0,256.0
rem_941,diffusion,30.0,256.0,256.0
rem_941,cycle,44.0,256.0,256.0
inj_1452,real,87.0,256.0,256.0
inj_1453,real,54.0,256.0,256.0
inj_1454,real,63.0,256.0,256.0
inj_1455,real,76.0,256.0,256.0
inj_1452,cycle,69.0,256.0,256.0
inj_1453,cycle,59.0,256.0,256.0
inj_1454,cycle,56.0,256.0,256.0
inj_1455,cycle,90.0,256.0,256.0
rem_416,real,78.0,256.0,256.0
rem_416,cycle,77.0,256.0,256.0
rem_949,real,68.0,256.0,256.0
rem_949,cycle,72.0,256.0,256.0
inj_1501,real,55.0,256.0,256.0
inj_1502,real,39.0,256.0,256.0
inj_1501,cycle,53.0,256.0,256.0
inj_1502,cycle,56.0,256.0,256.0
rem_429,real,24.0,256.0,256.0
inj_1499,real,51.0,256.0,256.0
inj_1500,real,62.0,256.0,256.0
rem_429,cycle,40.0,256.0,256.0
inj_1499,cycle,56.0,256.0,256.0
inj_1500,cycle,71.0,256.0,256.0
rem_962,real,23.0,256.0,256.0
rem_962,cycle,21.0,256.0,256.0
inj_1547,real,190.0,256.0,256.0
rem_439,pix2pix,175.0,256.0,256.0
inj_1547,pix2pix,174.0,256.0,256.0
rem_439,diffusion,185.0,256.0,256.0
inj_1547,diffusion,196.0,256.0,256.0
inj_1547,cycle,167.0,256.0,256.0
rem_439,real,189.0,256.0,256.0
rem_439,cycle,186.0,256.0,256.0
rem_972,real,181.0,256.0,256.0
rem_972,diffusion,173.0,256.0,256.0
rem_972,cycle,169.0,256.0,256.0
inj_1563,real,39.0,256.0,256.0
rem_444,pix2pix,61.0,256.0,256.0
inj_1563,pix2pix,26.0,256.0,256.0
rem_444,diffusion,49.0,256.0,256.0
inj_1563,diffusion,39.0,256.0,256.0
inj_1563,cycle,31.0,256.0,256.0
rem_444,real,47.0,256.0,256.0
rem_444,cycle,39.0,256.0,256.0
rem_977,real,57.0,256.0,256.0
rem_977,diffusion,61.0,256.0,256.0
rem_977,cycle,61.0,256.0,256.0
inj_1577,real,308.0,256.0,256.0
inj_1578,real,283.0,256.0,256.0
inj_1579,real,418.0,256.0,256.0
inj_1580,real,250.0,256.0,256.0
inj_1581,real,294.0,256.0,256.0
rem_445,pix2pix,302.0,256.0,256.0
inj_1577,pix2pix,299.0,256.0,256.0
inj_1578,pix2pix,298.0,256.0,256.0
inj_1580,pix2pix,237.0,256.0,256.0
inj_1581,pix2pix,285.0,256.0,256.0
rem_445,diffusion,294.0,256.0,256.0
inj_1577,diffusion,318.0,256.0,256.0
inj_1578,diffusion,279.0,256.0,256.0
inj_1580,diffusion,252.0,256.0,256.0
inj_1581,diffusion,295.0,256.0,256.0
inj_1577,cycle,305.0,256.0,256.0
inj_1578,cycle,284.0,256.0,256.0
inj_1579,cycle,422.0,256.0,256.0
inj_1580,cycle,248.0,256.0,256.0
inj_1581,cycle,299.0,256.0,256.0
rem_445,real,273.0,256.0,256.0
inj_1579,pix2pix,424.0,256.0,256.0
inj_1579,diffusion,415.0,256.0,256.0
rem_445,cycle,271.0,256.0,256.0
rem_978,real,282.0,256.0,256.0
rem_978,diffusion,271.0,256.0,256.0
rem_978,cycle,285.0,256.0,256.0
inj_1667,real,115.0,256.0,256.0
rem_455,pix2pix,203.0,256.0,256.0
inj_1666,pix2pix,146.0,256.0,256.0
inj_1667,pix2pix,116.0,256.0,256.0
rem_455,diffusion,199.0,256.0,256.0
inj_1666,diffusion,152.0,256.0,256.0
inj_1667,diffusion,85.0,256.0,256.0
inj_1667,cycle,86.0,256.0,256.0
rem_455,real,193.0,256.0,256.0
inj_1666,real,137.0,256.0,256.0
rem_455,cycle,200.0,256.0,256.0
inj_1666,cycle,142.0,256.0,256.0
rem_988,real,180.0,256.0,256.0
rem_988,diffusion,198.0,256.0,256.0
rem_988,cycle,194.0,256.0,256.0
inj_1729,real,182.0,256.0,256.0
inj_1730,real,211.0,256.0,256.0
rem_461,pix2pix,172.0,256.0,256.0
inj_1730,pix2pix,202.0,256.0,256.0
inj_1730,diffusion,201.0,256.0,256.0
inj_1729,cycle,182.0,256.0,256.0
inj_1730,cycle,227.0,256.0,256.0
rem_461,real,186.0,256.0,256.0
inj_1729,pix2pix,177.0,256.0,256.0
rem_461,diffusion,168.0,256.0,256.0
inj_1729,diffusion,159.0,256.0,256.0
rem_461,cycle,172.0,256.0,256.0
rem_994,real,170.0,256.0,256.0
rem_994,diffusion,184.0,256.0,256.0
rem_994,cycle,183.0,256.0,256.0
inj_1770,real,198.0,256.0,256.0
inj_1771,real,177.0,256.0,256.0
rem_466,pix2pix,162.0,256.0,256.0
inj_1770,pix2pix,192.0,256.0,256.0
inj_1771,pix2pix,176.0,256.0,256.0
rem_466,diffusion,151.0,256.0,256.0
inj_1770,diffusion,171.0,256.0,256.0
inj_1771,diffusion,167.0,256.0,256.0
inj_1770,cycle,175.0,256.0,256.0
inj_1771,cycle,171.0,256.0,256.0
rem_466,real,174.0,256.0,256.0
rem_466,cycle,171.0,256.0,256.0
rem_999,real,166.0,256.0,256.0
rem_999,diffusion,165.0,256.0,256.0
rem_999,cycle,155.0,256.0,256.0
inj_1983,real,68.0,256.0,256.0
inj_1984,real,45.0,256.0,256.0
inj_1983,pix2pix,47.0,256.0,256.0
inj_1984,pix2pix,33.0,256.0,256.0
inj_1983,diffusion,63.0,256.0,256.0
inj_1984,diffusion,59.0,256.0,256.0
inj_1983,cycle,77.0,256.0,256.0
inj_1984,cycle,59.0,256.0,256.0
inj_8,real,56.0,256.0,256.0
inj_9,real,44.0,256.0,256.0
inj_8,pix2pix,61.0,256.0,256.0
inj_9,pix2pix,55.0,256.0,256.0
inj_8,diffusion,47.0,256.0,256.0
inj_9,diffusion,30.0,256.0,256.0
inj_8,cycle,52.0,256.0,256.0
inj_9,cycle,60.0,256.0,256.0
inj_2050,real,72.0,256.0,256.0
inj_2051,real,92.0,256.0,256.0
inj_2052,real,82.0,256.0,256.0
inj_2053,real,92.0,256.0,256.0
inj_2054,real,79.0,256.0,256.0
inj_2055,real,34.0,256.0,256.0
inj_2056,real,60.0,256.0,256.0
inj_2058,real,24.0,256.0,256.0
inj_2059,real,68.0,256.0,256.0
inj_75,real,69.0,256.0,256.0
inj_76,real,96.0,256.0,256.0
inj_2050,pix2pix,68.0,256.0,256.0
inj_2051,pix2pix,84.0,256.0,256.0
inj_2052,pix2pix,73.0,256.0,256.0
inj_2053,pix2pix,60.0,256.0,256.0
inj_2054,pix2pix,63.0,256.0,256.0
inj_2055,pix2pix,45.0,256.0,256.0
inj_2056,pix2pix,33.0,256.0,256.0
inj_2057,pix2pix,98.0,256.0,256.0
inj_2058,pix2pix,51.0,256.0,256.0
inj_2059,pix2pix,53.0,256.0,256.0
inj_2050,diffusion,76.0,256.0,256.0
inj_2051,diffusion,82.0,256.0,256.0
inj_2052,diffusion,68.0,256.0,256.0
inj_2053,diffusion,85.0,256.0,256.0
inj_2054,diffusion,66.0,256.0,256.0
inj_2055,diffusion,45.0,256.0,256.0
inj_2056,diffusion,32.0,256.0,256.0
inj_2057,diffusion,97.0,256.0,256.0
inj_2058,diffusion,41.0,256.0,256.0
inj_2059,diffusion,53.0,256.0,256.0
inj_2050,cycle,87.0,256.0,256.0
inj_2051,cycle,84.0,256.0,256.0
inj_2052,cycle,72.0,256.0,256.0
inj_2053,cycle,63.0,256.0,256.0
inj_2054,cycle,74.0,256.0,256.0
inj_2055,cycle,49.0,256.0,256.0
inj_2056,cycle,41.0,256.0,256.0
inj_2058,cycle,44.0,256.0,256.0
inj_2059,cycle,42.0,256.0,256.0
inj_75,cycle,87.0,256.0,256.0
inj_76,cycle,87.0,256.0,256.0
inj_2057,real,88.0,256.0,256.0
inj_75,pix2pix,63.0,256.0,256.0
inj_76,pix2pix,82.0,256.0,256.0
inj_75,diffusion,77.0,256.0,256.0
inj_76,diffusion,76.0,256.0,256.0
inj_2057,cycle,86.0,256.0,256.0
inj_77,real,77.0,256.0,256.0
inj_78,real,78.0,256.0,256.0
inj_79,real,55.0,256.0,256.0
inj_80,real,43.0,256.0,256.0
inj_81,real,58.0,256.0,256.0
inj_82,real,93.0,256.0,256.0
inj_83,real,37.0,256.0,256.0
inj_84,real,54.0,256.0,256.0
inj_77,pix2pix,95.0,256.0,256.0
inj_78,pix2pix,60.0,256.0,256.0
inj_79,pix2pix,54.0,256.0,256.0
inj_80,pix2pix,43.0,256.0,256.0
inj_81,pix2pix,31.0,256.0,256.0
inj_82,pix2pix,87.0,256.0,256.0
inj_83,pix2pix,23.0,256.0,256.0
inj_84,pix2pix,45.0,256.0,256.0
inj_77,diffusion,96.0,256.0,256.0
inj_78,diffusion,76.0,256.0,256.0
inj_79,diffusion,54.0,256.0,256.0
inj_80,diffusion,48.0,256.0,256.0
inj_81,diffusion,34.0,256.0,256.0
inj_82,diffusion,79.0,256.0,256.0
inj_83,diffusion,36.0,256.0,256.0
inj_84,diffusion,58.0,256.0,256.0
inj_77,cycle,74.0,256.0,256.0
inj_78,cycle,90.0,256.0,256.0
inj_79,cycle,71.0,256.0,256.0
inj_80,cycle,30.0,256.0,256.0
inj_81,cycle,39.0,256.0,256.0
inj_82,cycle,74.0,256.0,256.0
inj_83,cycle,22.0,256.0,256.0
inj_84,cycle,59.0,256.0,256.0
inj_2066,real,100.0,256.0,256.0
inj_2068,real,79.0,256.0,256.0
inj_2069,real,74.0,256.0,256.0
inj_2070,real,84.0,256.0,256.0
inj_2071,real,75.0,256.0,256.0
inj_2072,real,106.0,256.0,256.0
inj_2066,pix2pix,91.0,256.0,256.0
inj_2068,pix2pix,77.0,256.0,256.0
inj_2069,pix2pix,65.0,256.0,256.0
inj_2070,pix2pix,100.0,256.0,256.0
inj_2071,pix2pix,103.0,256.0,256.0
inj_2072,pix2pix,92.0,256.0,256.0
inj_2066,diffusion,97.0,256.0,256.0
inj_2068,diffusion,90.0,256.0,256.0
inj_2069,diffusion,89.0,256.0,256.0
inj_2070,diffusion,96.0,256.0,256.0
inj_2071,diffusion,87.0,256.0,256.0
inj_2072,diffusion,102.0,256.0,256.0
inj_2066,cycle,97.0,256.0,256.0
inj_2068,cycle,81.0,256.0,256.0
inj_2069,cycle,90.0,256.0,256.0
inj_2070,cycle,87.0,256.0,256.0
inj_2071,cycle,92.0,256.0,256.0
inj_2072,cycle,88.0,256.0,256.0
inj_91,real,91.0,256.0,256.0
inj_93,real,87.0,256.0,256.0
inj_94,real,70.0,256.0,256.0
inj_95,real,80.0,256.0,256.0
inj_96,real,86.0,256.0,256.0
inj_97,real,110.0,256.0,256.0
inj_91,pix2pix,71.0,256.0,256.0
inj_93,pix2pix,92.0,256.0,256.0
inj_94,pix2pix,64.0,256.0,256.0
inj_95,pix2pix,74.0,256.0,256.0
inj_96,pix2pix,82.0,256.0,256.0
inj_97,pix2pix,103.0,256.0,256.0
inj_91,diffusion,72.0,256.0,256.0
inj_93,diffusion,80.0,256.0,256.0
inj_94,diffusion,95.0,256.0,256.0
inj_95,diffusion,75.0,256.0,256.0
inj_96,diffusion,80.0,256.0,256.0
inj_97,diffusion,82.0,256.0,256.0
inj_91,cycle,96.0,256.0,256.0
inj_93,cycle,81.0,256.0,256.0
inj_94,cycle,65.0,256.0,256.0
inj_95,cycle,82.0,256.0,256.0
inj_96,cycle,101.0,256.0,256.0
inj_97,cycle,102.0,256.0,256.0
inj_764,real,157.0,256.0,256.0
inj_765,real,110.0,256.0,256.0
inj_764,cycle,143.0,256.0,256.0
inj_765,cycle,125.0,256.0,256.0
inj_766,real,173.0,256.0,256.0
inj_766,cycle,196.0,256.0,256.0
inj_767,real,193.0,256.0,256.0
inj_768,real,134.0,256.0,256.0
inj_764,pix2pix,143.0,256.0,256.0
inj_765,pix2pix,127.0,256.0,256.0
inj_766,pix2pix,198.0,256.0,256.0
inj_767,pix2pix,207.0,256.0,256.0
inj_768,pix2pix,153.0,256.0,256.0
inj_764,diffusion,141.0,256.0,256.0
inj_765,diffusion,116.0,256.0,256.0
inj_766,diffusion,179.0,256.0,256.0
inj_767,diffusion,181.0,256.0,256.0
inj_768,diffusion,144.0,256.0,256.0
inj_767,cycle,186.0,256.0,256.0
inj_768,cycle,126.0,256.0,256.0
rem_386,pix2pix,182.0,256.0,256.0
rem_386,real,184.0,256.0,256.0
rem_386,diffusion,194.0,256.0,256.0
rem_386,cycle,190.0,256.0,256.0
rem_919,real,179.0,256.0,256.0
rem_919,diffusion,192.0,256.0,256.0
rem_919,cycle,177.0,256.0,256.0
rem_412,pix2pix,30.0,256.0,256.0
inj_1434,pix2pix,20.0,256.0,256.0
rem_412,diffusion,54.0,256.0,256.0
inj_1434,diffusion,11.0,256.0,256.0
rem_412,real,27.0,256.0,256.0
inj_1433,real,44.0,256.0,256.0
inj_1434,real,19.0,256.0,256.0
inj_1433,pix2pix,35.0,256.0,256.0
inj_1433,diffusion,39.0,256.0,256.0
rem_412,cycle,30.0,256.0,256.0
inj_1433,cycle,16.0,256.0,256.0
inj_1434,cycle,21.0,256.0,256.0
rem_945,real,47.0,256.0,256.0
rem_945,diffusion,43.0,256.0,256.0
rem_945,cycle,33.0,256.0,256.0
rem_440,pix2pix,98.0,256.0,256.0
rem_440,diffusion,83.0,256.0,256.0
rem_440,real,77.0,256.0,256.0
rem_440,cycle,87.0,256.0,256.0
rem_973,real,83.0,256.0,256.0
rem_973,diffusion,75.0,256.0,256.0
rem_973,cycle,96.0,256.0,256.0
rem_446,pix2pix,115.0,256.0,256.0
rem_446,diffusion,107.0,256.0,256.0
rem_446,real,119.0,256.0,256.0
rem_446,cycle,123.0,256.0,256.0
rem_979,real,101.0,256.0,256.0
rem_979,diffusion,113.0,256.0,256.0
rem_979,cycle,125.0,256.0,256.0
rem_404,diffusion,43.0,256.0,256.0
rem_404,real,32.0,256.0,256.0
rem_404,pix2pix,38.0,256.0,256.0
rem_404,cycle,37.0,256.0,256.0
rem_937,real,39.0,256.0,256.0
rem_937,diffusion,47.0,256.0,256.0
rem_937,cycle,42.0,256.0,256.0
rem_624,real,122.0,256.0,256.0
rem_624,diffusion,119.0,256.0,256.0
rem_624,cycle,131.0,256.0,256.0
rem_91,real,133.0,256.0,256.0
rem_624,pix2pix,117.0,256.0,256.0
rem_91,pix2pix,124.0,256.0,256.0
rem_91,diffusion,115.0,256.0,256.0
rem_91,cycle,141.0,256.0,256.0
inj_769,real,271.0,256.0,256.0
inj_770,real,280.0,256.0,256.0
inj_771,real,256.0,256.0,256.0
inj_769,pix2pix,272.0,256.0,256.0
inj_770,pix2pix,266.0,256.0,256.0
inj_771,pix2pix,262.0,256.0,256.0
inj_769,diffusion,289.0,256.0,256.0
inj_770,diffusion,249.0,256.0,256.0
inj_771,diffusion,238.0,256.0,256.0
inj_769,cycle,269.0,256.0,256.0
inj_770,cycle,278.0,256.0,256.0
inj_771,cycle,248.0,256.0,256.0
inj_772,real,69.0,256.0,256.0
inj_773,real,75.0,256.0,256.0
inj_775,real,61.0,256.0,256.0
inj_776,real,50.0,256.0,256.0
inj_777,real,60.0,256.0,256.0
inj_772,cycle,77.0,256.0,256.0
inj_773,cycle,56.0,256.0,256.0
inj_775,cycle,33.0,256.0,256.0
inj_776,cycle,50.0,256.0,256.0
inj_777,cycle,68.0,256.0,256.0
inj_779,real,23.0,256.0,256.0
inj_779,cycle,16.0,256.0,256.0
inj_780,real,335.0,256.0,256.0
inj_781,real,158.0,256.0,256.0
inj_782,real,256.0,256.0,256.0
inj_783,real,407.0,256.0,256.0
inj_784,real,352.0,256.0,256.0
inj_780,pix2pix,327.0,256.0,256.0
inj_781,pix2pix,186.0,256.0,256.0
inj_782,pix2pix,248.0,256.0,256.0
inj_783,pix2pix,410.0,256.0,256.0
inj_784,pix2pix,352.0,256.0,256.0
inj_780,diffusion,348.0,256.0,256.0
inj_781,diffusion,181.0,256.0,256.0
inj_782,diffusion,258.0,256.0,256.0
inj_783,diffusion,405.0,256.0,256.0
inj_784,diffusion,364.0,256.0,256.0
inj_780,cycle,349.0,256.0,256.0
inj_781,cycle,160.0,256.0,256.0
inj_782,cycle,248.0,256.0,256.0
inj_783,cycle,379.0,256.0,256.0
inj_784,cycle,362.0,256.0,256.0
inj_785,real,159.0,256.0,256.0
inj_785,pix2pix,142.0,256.0,256.0
inj_785,diffusion,158.0,256.0,256.0
inj_785,cycle,145.0,256.0,256.0
inj_786,real,42.0,256.0,256.0
inj_786,cycle,49.0,256.0,256.0
inj_789,real,73.0,256.0,256.0
inj_790,real,71.0,256.0,256.0
inj_791,real,16.0,256.0,256.0
inj_792,real,29.0,256.0,256.0
inj_793,real,48.0,256.0,256.0
inj_794,real,53.0,256.0,256.0
inj_789,cycle,60.0,256.0,256.0
inj_790,cycle,48.0,256.0,256.0
inj_791,cycle,30.0,256.0,256.0
inj_792,cycle,31.0,256.0,256.0
inj_793,cycle,53.0,256.0,256.0
inj_794,cycle,58.0,256.0,256.0
inj_795,real,127.0,256.0,256.0
inj_796,real,342.0,256.0,256.0
inj_795,pix2pix,107.0,256.0,256.0
inj_796,pix2pix,344.0,256.0,256.0
inj_795,diffusion,115.0,256.0,256.0
inj_796,diffusion,355.0,256.0,256.0
inj_795,cycle,129.0,256.0,256.0
inj_796,cycle,341.0,256.0,256.0
inj_797,real,102.0,256.0,256.0
inj_797,pix2pix,74.0,256.0,256.0
inj_797,diffusion,72.0,256.0,256.0
inj_797,cycle,95.0,256.0,256.0
inj_798,real,56.0,256.0,256.0
inj_799,real,165.0,256.0,256.0
inj_800,real,73.0,256.0,256.0
inj_798,pix2pix,60.0,256.0,256.0
inj_799,pix2pix,148.0,256.0,256.0
inj_800,pix2pix,64.0,256.0,256.0
inj_798,diffusion,49.0,256.0,256.0
inj_799,diffusion,151.0,256.0,256.0
inj_800,diffusion,49.0,256.0,256.0
inj_798,cycle,72.0,256.0,256.0
inj_799,cycle,152.0,256.0,256.0
inj_800,cycle,71.0,256.0,256.0
inj_805,real,322.0,256.0,256.0
inj_806,real,331.0,256.0,256.0
inj_807,real,285.0,256.0,256.0
inj_805,pix2pix,318.0,256.0,256.0
inj_806,pix2pix,333.0,256.0,256.0
inj_807,pix2pix,254.0,256.0,256.0
inj_805,diffusion,323.0,256.0,256.0
inj_806,diffusion,324.0,256.0,256.0
inj_807,diffusion,269.0,256.0,256.0
inj_805,cycle,319.0,256.0,256.0
inj_806,cycle,316.0,256.0,256.0
inj_807,cycle,260.0,256.0,256.0
inj_808,real,54.0,256.0,256.0
inj_809,real,43.0,256.0,256.0
inj_808,cycle,65.0,256.0,256.0
inj_809,cycle,46.0,256.0,256.0
inj_818,real,91.0,256.0,256.0
inj_819,real,190.0,256.0,256.0
inj_820,real,67.0,256.0,256.0
inj_818,pix2pix,97.0,256.0,256.0
inj_819,pix2pix,198.0,256.0,256.0
inj_820,pix2pix,49.0,256.0,256.0
inj_818,diffusion,83.0,256.0,256.0
inj_819,diffusion,192.0,256.0,256.0
inj_820,diffusion,43.0,256.0,256.0
inj_818,cycle,88.0,256.0,256.0
inj_819,cycle,199.0,256.0,256.0
inj_820,cycle,64.0,256.0,256.0
inj_826,real,298.0,256.0,256.0
inj_827,real,285.0,256.0,256.0
inj_828,real,202.0,256.0,256.0
inj_826,pix2pix,301.0,256.0,256.0
inj_827,pix2pix,285.0,256.0,256.0
inj_828,pix2pix,209.0,256.0,256.0
inj_826,diffusion,313.0,256.0,256.0
inj_827,diffusion,284.0,256.0,256.0
inj_828,diffusion,195.0,256.0,256.0
inj_826,cycle,313.0,256.0,256.0
inj_827,cycle,279.0,256.0,256.0
inj_828,cycle,205.0,256.0,256.0
inj_829,real,109.0,256.0,256.0
inj_830,real,92.0,256.0,256.0
inj_829,pix2pix,124.0,256.0,256.0
inj_830,pix2pix,92.0,256.0,256.0
inj_829,diffusion,99.0,256.0,256.0
inj_830,diffusion,117.0,256.0,256.0
inj_829,cycle,115.0,256.0,256.0
inj_830,cycle,108.0,256.0,256.0
inj_835,real,55.0,256.0,256.0
inj_836,real,109.0,256.0,256.0
inj_837,real,191.0,256.0,256.0
inj_838,real,182.0,256.0,256.0
inj_839,real,159.0,256.0,256.0
inj_835,pix2pix,46.0,256.0,256.0
inj_836,pix2pix,122.0,256.0,256.0
inj_837,pix2pix,211.0,256.0,256.0
inj_838,pix2pix,191.0,256.0,256.0
inj_839,pix2pix,145.0,256.0,256.0
inj_835,diffusion,61.0,256.0,256.0
inj_836,diffusion,108.0,256.0,256.0
inj_837,diffusion,190.0,256.0,256.0
inj_838,diffusion,185.0,256.0,256.0
inj_839,diffusion,170.0,256.0,256.0
inj_835,cycle,37.0,256.0,256.0
inj_836,cycle,110.0,256.0,256.0
inj_837,cycle,213.0,256.0,256.0
inj_838,cycle,172.0,256.0,256.0
inj_839,cycle,154.0,256.0,256.0
inj_840,real,276.0,256.0,256.0
inj_841,real,266.0,256.0,256.0
inj_842,real,200.0,256.0,256.0
inj_840,pix2pix,250.0,256.0,256.0
inj_841,pix2pix,263.0,256.0,256.0
inj_842,pix2pix,207.0,256.0,256.0
inj_840,diffusion,265.0,256.0,256.0
inj_841,diffusion,257.0,256.0,256.0
inj_842,diffusion,204.0,256.0,256.0
inj_840,cycle,248.0,256.0,256.0
inj_841,cycle,245.0,256.0,256.0
inj_842,cycle,200.0,256.0,256.0
inj_843,real,157.0,256.0,256.0
inj_844,real,135.0,256.0,256.0
inj_845,real,104.0,256.0,256.0
inj_846,real,73.0,256.0,256.0
inj_847,real,31.0,256.0,256.0
inj_848,real,48.0,256.0,256.0
inj_843,pix2pix,136.0,256.0,256.0
inj_844,pix2pix,149.0,256.0,256.0
inj_845,pix2pix,113.0,256.0,256.0
inj_846,pix2pix,102.0,256.0,256.0
inj_847,pix2pix,19.0,256.0,256.0
inj_848,pix2pix,50.0,256.0,256.0
inj_843,diffusion,143.0,256.0,256.0
inj_844,diffusion,152.0,256.0,256.0
inj_845,diffusion,103.0,256.0,256.0
inj_846,diffusion,84.0,256.0,256.0
inj_847,diffusion,27.0,256.0,256.0
inj_848,diffusion,72.0,256.0,256.0
inj_843,cycle,148.0,256.0,256.0
inj_844,cycle,144.0,256.0,256.0
inj_845,cycle,111.0,256.0,256.0
inj_846,cycle,74.0,256.0,256.0
inj_847,cycle,19.0,256.0,256.0
inj_848,cycle,58.0,256.0,256.0
inj_850,real,144.0,256.0,256.0
inj_850,pix2pix,129.0,256.0,256.0
inj_850,diffusion,130.0,256.0,256.0
inj_850,cycle,119.0,256.0,256.0
inj_857,real,224.0,256.0,256.0
inj_857,pix2pix,232.0,256.0,256.0
inj_857,diffusion,237.0,256.0,256.0
inj_857,cycle,209.0,256.0,256.0
inj_858,real,74.0,256.0,256.0
inj_858,pix2pix,74.0,256.0,256.0
inj_858,diffusion,77.0,256.0,256.0
inj_858,cycle,66.0,256.0,256.0
inj_878,real,45.0,256.0,256.0
inj_879,real,37.0,256.0,256.0
inj_880,real,138.0,256.0,256.0
inj_881,real,122.0,256.0,256.0
inj_882,real,80.0,256.0,256.0
inj_878,pix2pix,67.0,256.0,256.0
inj_879,pix2pix,24.0,256.0,256.0
inj_880,pix2pix,146.0,256.0,256.0
inj_881,pix2pix,140.0,256.0,256.0
inj_882,pix2pix,76.0,256.0,256.0
inj_878,diffusion,56.0,256.0,256.0
inj_879,diffusion,17.0,256.0,256.0
inj_880,diffusion,142.0,256.0,256.0
inj_881,diffusion,118.0,256.0,256.0
inj_882,diffusion,77.0,256.0,256.0
inj_878,cycle,71.0,256.0,256.0
inj_879,cycle,37.0,256.0,256.0
inj_880,cycle,117.0,256.0,256.0
inj_881,cycle,113.0,256.0,256.0
inj_882,cycle,76.0,256.0,256.0
inj_883,real,363.0,256.0,256.0
inj_883,pix2pix,381.0,256.0,256.0
inj_883,diffusion,390.0,256.0,256.0
inj_883,cycle,379.0,256.0,256.0
inj_884,real,226.0,256.0,256.0
inj_885,real,291.0,256.0,256.0
inj_886,real,218.0,256.0,256.0
inj_887,real,117.0,256.0,256.0
inj_884,pix2pix,238.0,256.0,256.0
inj_885,pix2pix,267.0,256.0,256.0
inj_886,pix2pix,214.0,256.0,256.0
inj_887,pix2pix,113.0,256.0,256.0
inj_884,diffusion,244.0,256.0,256.0
inj_885,diffusion,266.0,256.0,256.0
inj_886,diffusion,210.0,256.0,256.0
inj_887,diffusion,124.0,256.0,256.0
inj_884,cycle,219.0,256.0,256.0
inj_885,cycle,261.0,256.0,256.0
inj_886,cycle,192.0,256.0,256.0
inj_887,cycle,114.0,256.0,256.0
inj_888,real,79.0,256.0,256.0
inj_889,real,41.0,256.0,256.0
inj_888,pix2pix,70.0,256.0,256.0
inj_889,pix2pix,28.0,256.0,256.0
inj_888,diffusion,77.0,256.0,256.0
inj_889,diffusion,50.0,256.0,256.0
inj_888,cycle,93.0,256.0,256.0
inj_889,cycle,26.0,256.0,256.0
inj_896,real,198.0,256.0,256.0
inj_896,pix2pix,196.0,256.0,256.0
inj_896,diffusion,172.0,256.0,256.0
inj_896,cycle,179.0,256.0,256.0
inj_903,real,150.0,256.0,256.0
inj_904,real,183.0,256.0,256.0
inj_903,pix2pix,145.0,256.0,256.0
inj_904,pix2pix,185.0,256.0,256.0
inj_903,diffusion,150.0,256.0,256.0
inj_904,diffusion,184.0,256.0,256.0
inj_903,cycle,151.0,256.0,256.0
inj_904,cycle,176.0,256.0,256.0
inj_905,real,206.0,256.0,256.0
inj_906,real,195.0,256.0,256.0
inj_907,real,48.0,256.0,256.0
inj_908,real,256.0,256.0,256.0
inj_909,real,327.0,256.0,256.0
inj_910,real,170.0,256.0,256.0
inj_911,real,253.0,256.0,256.0
inj_912,real,47.0,256.0,256.0
inj_913,real,54.0,256.0,256.0
inj_905,pix2pix,197.0,256.0,256.0
inj_906,pix2pix,212.0,256.0,256.0
inj_907,pix2pix,76.0,256.0,256.0
inj_908,pix2pix,237.0,256.0,256.0
inj_909,pix2pix,334.0,256.0,256.0
inj_910,pix2pix,161.0,256.0,256.0
inj_911,pix2pix,261.0,256.0,256.0
inj_912,pix2pix,62.0,256.0,256.0
inj_913,pix2pix,27.0,256.0,256.0
inj_905,diffusion,214.0,256.0,256.0
inj_906,diffusion,208.0,256.0,256.0
inj_907,diffusion,53.0,256.0,256.0
inj_908,diffusion,238.0,256.0,256.0
inj_909,diffusion,309.0,256.0,256.0
inj_910,diffusion,166.0,256.0,256.0
inj_911,diffusion,250.0,256.0,256.0
inj_912,diffusion,67.0,256.0,256.0
inj_913,diffusion,29.0,256.0,256.0
inj_905,cycle,199.0,256.0,256.0
inj_906,cycle,198.0,256.0,256.0
inj_907,cycle,49.0,256.0,256.0
inj_908,cycle,234.0,256.0,256.0
inj_909,cycle,323.0,256.0,256.0
inj_910,cycle,166.0,256.0,256.0
inj_911,cycle,249.0,256.0,256.0
inj_912,cycle,47.0,256.0,256.0
inj_913,cycle,44.0,256.0,256.0
inj_914,real,86.0,256.0,256.0
inj_915,real,71.0,256.0,256.0
inj_914,pix2pix,64.0,256.0,256.0
inj_915,pix2pix,49.0,256.0,256.0
inj_914,diffusion,74.0,256.0,256.0
inj_915,diffusion,72.0,256.0,256.0
inj_914,cycle,60.0,256.0,256.0
inj_915,cycle,48.0,256.0,256.0
inj_929,real,113.0,256.0,256.0
inj_930,real,133.0,256.0,256.0
inj_931,real,122.0,256.0,256.0
inj_932,real,193.0,256.0,256.0
inj_929,pix2pix,94.0,256.0,256.0
inj_930,pix2pix,160.0,256.0,256.0
inj_931,pix2pix,122.0,256.0,256.0
inj_932,pix2pix,184.0,256.0,256.0
inj_929,diffusion,102.0,256.0,256.0
inj_930,diffusion,141.0,256.0,256.0
inj_931,diffusion,112.0,256.0,256.0
inj_932,diffusion,194.0,256.0,256.0
inj_929,cycle,103.0,256.0,256.0
inj_930,cycle,148.0,256.0,256.0
inj_931,cycle,137.0,256.0,256.0
inj_932,cycle,183.0,256.0,256.0
inj_933,real,204.0,256.0,256.0
inj_933,pix2pix,195.0,256.0,256.0
inj_933,diffusion,183.0,256.0,256.0
inj_933,cycle,187.0,256.0,256.0
inj_936,real,133.0,256.0,256.0
inj_936,pix2pix,146.0,256.0,256.0
inj_936,diffusion,148.0,256.0,256.0
inj_936,cycle,134.0,256.0,256.0
inj_937,real,136.0,256.0,256.0
inj_938,real,178.0,256.0,256.0
inj_939,real,41.0,256.0,256.0
inj_940,real,169.0,256.0,256.0
inj_937,pix2pix,120.0,256.0,256.0
inj_938,pix2pix,193.0,256.0,256.0
inj_939,pix2pix,45.0,256.0,256.0
inj_940,pix2pix,159.0,256.0,256.0
inj_937,diffusion,130.0,256.0,256.0
inj_938,diffusion,172.0,256.0,256.0
inj_939,diffusion,41.0,256.0,256.0
inj_940,diffusion,178.0,256.0,256.0
inj_937,cycle,127.0,256.0,256.0
inj_938,cycle,186.0,256.0,256.0
inj_939,cycle,20.0,256.0,256.0
inj_940,cycle,184.0,256.0,256.0
inj_941,real,330.0,256.0,256.0
inj_942,real,90.0,256.0,256.0
inj_941,pix2pix,356.0,256.0,256.0
inj_942,pix2pix,68.0,256.0,256.0
inj_941,diffusion,351.0,256.0,256.0
inj_942,diffusion,75.0,256.0,256.0
inj_941,cycle,339.0,256.0,256.0
inj_942,cycle,87.0,256.0,256.0
inj_943,real,66.0,256.0,256.0
inj_944,real,34.0,256.0,256.0
inj_945,real,24.0,256.0,256.0
inj_946,real,10.0,256.0,256.0
inj_947,real,68.0,256.0,256.0
inj_948,real,18.0,256.0,256.0
inj_949,real,49.0,256.0,256.0
inj_943,cycle,66.0,256.0,256.0
inj_944,cycle,28.0,256.0,256.0
inj_945,cycle,26.0,256.0,256.0
inj_946,cycle,9.0,256.0,256.0
inj_947,cycle,53.0,256.0,256.0
inj_948,cycle,14.0,256.0,256.0
inj_949,cycle,38.0,256.0,256.0
inj_950,real,99.0,256.0,256.0
inj_950,pix2pix,88.0,256.0,256.0
inj_950,diffusion,74.0,256.0,256.0
inj_950,cycle,79.0,256.0,256.0
inj_951,real,60.0,256.0,256.0
inj_952,real,169.0,256.0,256.0
inj_951,pix2pix,63.0,256.0,256.0
inj_952,pix2pix,160.0,256.0,256.0
inj_951,diffusion,74.0,256.0,256.0
inj_952,diffusion,149.0,256.0,256.0
inj_951,cycle,58.0,256.0,256.0
inj_952,cycle,170.0,256.0,256.0
inj_954,real,74.0,256.0,256.0
inj_955,real,89.0,256.0,256.0
inj_954,pix2pix,76.0,256.0,256.0
inj_955,pix2pix,86.0,256.0,256.0
inj_954,diffusion,71.0,256.0,256.0
inj_955,diffusion,92.0,256.0,256.0
inj_954,cycle,102.0,256.0,256.0
inj_955,cycle,85.0,256.0,256.0
inj_972,real,290.0,256.0,256.0
inj_973,real,107.0,256.0,256.0
inj_972,pix2pix,299.0,256.0,256.0
inj_973,pix2pix,113.0,256.0,256.0
inj_972,diffusion,267.0,256.0,256.0
inj_973,diffusion,122.0,256.0,256.0
inj_972,cycle,293.0,256.0,256.0
inj_973,cycle,125.0,256.0,256.0
inj_975,real,69.0,256.0,256.0
inj_975,pix2pix,74.0,256.0,256.0
inj_975,diffusion,69.0,256.0,256.0
inj_975,cycle,78.0,256.0,256.0
inj_979,real,154.0,256.0,256.0
inj_980,real,256.0,256.0,256.0
inj_981,real,204.0,256.0,256.0
inj_982,real,114.0,256.0,256.0
inj_983,real,186.0,256.0,256.0
inj_984,real,191.0,256.0,256.0
inj_979,pix2pix,161.0,256.0,256.0
inj_980,pix2pix,260.0,256.0,256.0
inj_981,pix2pix,201.0,256.0,256.0
inj_982,pix2pix,101.0,256.0,256.0
inj_983,pix2pix,162.0,256.0,256.0
inj_984,pix2pix,214.0,256.0,256.0
inj_979,diffusion,168.0,256.0,256.0
inj_980,diffusion,254.0,256.0,256.0
inj_981,diffusion,209.0,256.0,256.0
inj_982,diffusion,130.0,256.0,256.0
inj_983,diffusion,161.0,256.0,256.0
inj_984,diffusion,199.0,256.0,256.0
inj_979,cycle,162.0,256.0,256.0
inj_980,cycle,267.0,256.0,256.0
inj_981,cycle,212.0,256.0,256.0
inj_982,cycle,112.0,256.0,256.0
inj_983,cycle,167.0,256.0,256.0
inj_984,cycle,190.0,256.0,256.0
inj_996,real,76.0,256.0,256.0
inj_996,pix2pix,93.0,256.0,256.0
inj_996,diffusion,101.0,256.0,256.0
inj_996,cycle,78.0,256.0,256.0
inj_997,real,30.0,256.0,256.0
inj_997,cycle,34.0,256.0,256.0
